timestamp,sales,event_name_1,event_type_1,wday,month,year,snap_total
2011-01-29,3764,NoEvent,NoEvent,1,1,2011,0
2011-01-30,3357,NoEvent,NoEvent,2,1,2011,0
2011-01-31,2682,NoEvent,NoEvent,3,1,2011,0
2011-02-01,2669,NoEvent,NoEvent,4,2,2011,2
2011-02-02,1814,NoEvent,NoEvent,5,2,2011,2
2011-02-03,3220,NoEvent,NoEvent,6,2,2011,3
2011-02-04,2944,NoEvent,NoEvent,7,2,2011,1
2011-02-05,3986,NoEvent,NoEvent,1,2,2011,3
2011-02-06,2899,SuperBowl,Sporting,2,2,2011,3
2011-02-07,2615,NoEvent,NoEvent,3,2,2011,2
2011-02-08,2547,NoEvent,NoEvent,4,2,2011,2
2011-02-09,2457,NoEvent,NoEvent,5,2,2011,3
2011-02-10,2700,NoEvent,NoEvent,6,2,2011,1
2011-02-11,2822,NoEvent,NoEvent,7,2,2011,2
2011-02-12,3699,NoEvent,NoEvent,1,2,2011,2
2011-02-13,3417,NoEvent,NoEvent,2,2,2011,1
2011-02-14,2233,ValentinesDay,Cultural,3,2,2011,1
2011-02-15,2554,NoEvent,NoEvent,4,2,2011,2
2011-02-16,2170,NoEvent,NoEvent,5,2,2011,0
2011-02-17,2049,NoEvent,NoEvent,6,2,2011,0
2011-02-18,2284,NoEvent,NoEvent,7,2,2011,0
2011-02-19,4142,NoEvent,NoEvent,1,2,2011,0
2011-02-20,2978,NoEvent,NoEvent,2,2,2011,0
2011-02-21,2735,PresidentsDay,National,3,2,2011,0
2011-02-22,2459,NoEvent,NoEvent,4,2,2011,0
2011-02-23,2758,NoEvent,NoEvent,5,2,2011,0
2011-02-24,2559,NoEvent,NoEvent,6,2,2011,0
2011-02-25,2675,NoEvent,NoEvent,7,2,2011,0
2011-02-26,4088,NoEvent,NoEvent,1,2,2011,0
2011-02-27,2118,NoEvent,NoEvent,2,2,2011,0
2011-02-28,1771,NoEvent,NoEvent,3,2,2011,0
2011-03-01,1833,NoEvent,NoEvent,4,3,2011,2
2011-03-02,1675,NoEvent,NoEvent,5,3,2011,2
2011-03-03,1855,NoEvent,NoEvent,6,3,2011,3
2011-03-04,1653,NoEvent,NoEvent,7,3,2011,1
2011-03-05,2096,NoEvent,NoEvent,1,3,2011,3
2011-03-06,3795,NoEvent,NoEvent,2,3,2011,3
2011-03-07,2687,NoEvent,NoEvent,3,3,2011,2
2011-03-08,2519,NoEvent,NoEvent,4,3,2011,2
2011-03-09,2955,LentStart,Religious,5,3,2011,3
2011-03-10,2686,NoEvent,NoEvent,6,3,2011,1
2011-03-11,2688,NoEvent,NoEvent,7,3,2011,2
2011-03-12,3630,NoEvent,NoEvent,1,3,2011,2
2011-03-13,3282,NoEvent,NoEvent,2,3,2011,1
2011-03-14,2500,NoEvent,NoEvent,3,3,2011,1
2011-03-15,2522,NoEvent,NoEvent,4,3,2011,2
2011-03-16,2736,LentWeek2,Religious,5,3,2011,0
2011-03-17,2434,StPatricksDay,Cultural,6,3,2011,0
2011-03-18,2687,NoEvent,NoEvent,7,3,2011,0
2011-03-19,3702,NoEvent,NoEvent,1,3,2011,0
2011-03-20,3174,Purim End,Religious,2,3,2011,0
2011-03-21,2499,NoEvent,NoEvent,3,3,2011,0
2011-03-22,2303,NoEvent,NoEvent,4,3,2011,0
2011-03-23,2384,NoEvent,NoEvent,5,3,2011,0
2011-03-24,2347,NoEvent,NoEvent,6,3,2011,0
2011-03-25,3239,NoEvent,NoEvent,7,3,2011,0
2011-03-26,3524,NoEvent,NoEvent,1,3,2011,0
2011-03-27,3537,NoEvent,NoEvent,2,3,2011,0
2011-03-28,2738,NoEvent,NoEvent,3,3,2011,0
2011-03-29,2388,NoEvent,NoEvent,4,3,2011,0
2011-03-30,2503,NoEvent,NoEvent,5,3,2011,0
2011-03-31,3120,NoEvent,NoEvent,6,3,2011,0
2011-04-01,3544,NoEvent,NoEvent,7,4,2011,2
2011-04-02,3996,NoEvent,NoEvent,1,4,2011,2
2011-04-03,3504,NoEvent,NoEvent,2,4,2011,3
2011-04-04,2862,NoEvent,NoEvent,3,4,2011,1
2011-04-05,2393,NoEvent,NoEvent,4,4,2011,3
2011-04-06,2427,NoEvent,NoEvent,5,4,2011,3
2011-04-07,2643,NoEvent,NoEvent,6,4,2011,2
2011-04-08,3145,NoEvent,NoEvent,7,4,2011,2
2011-04-09,3501,NoEvent,NoEvent,1,4,2011,3
2011-04-10,3364,NoEvent,NoEvent,2,4,2011,1
2011-04-11,2941,NoEvent,NoEvent,3,4,2011,2
2011-04-12,2607,NoEvent,NoEvent,4,4,2011,2
2011-04-13,2572,NoEvent,NoEvent,5,4,2011,1
2011-04-14,2674,NoEvent,NoEvent,6,4,2011,1
2011-04-15,2807,NoEvent,NoEvent,7,4,2011,2
2011-04-16,3371,NoEvent,NoEvent,1,4,2011,0
2011-04-17,3026,NoEvent,NoEvent,2,4,2011,0
2011-04-18,2790,NoEvent,NoEvent,3,4,2011,0
2011-04-19,2179,NoEvent,NoEvent,4,4,2011,0
2011-04-20,2356,NoEvent,NoEvent,5,4,2011,0
2011-04-21,2176,NoEvent,NoEvent,6,4,2011,0
2011-04-22,2474,NoEvent,NoEvent,7,4,2011,0
2011-04-23,3058,NoEvent,NoEvent,1,4,2011,0
2011-04-24,2446,OrthodoxEaster,Religious,2,4,2011,0
2011-04-25,2865,NoEvent,NoEvent,3,4,2011,0
2011-04-26,2517,Pesach End,Religious,4,4,2011,0
2011-04-27,2515,NoEvent,NoEvent,5,4,2011,0
2011-04-28,2500,NoEvent,NoEvent,6,4,2011,0
2011-04-29,2907,NoEvent,NoEvent,7,4,2011,0
2011-04-30,4039,NoEvent,NoEvent,1,4,2011,0
2011-05-01,3381,NoEvent,NoEvent,2,5,2011,2
2011-05-02,2590,NoEvent,NoEvent,3,5,2011,2
2011-05-03,3002,NoEvent,NoEvent,4,5,2011,3
2011-05-04,2549,NoEvent,NoEvent,5,5,2011,1
2011-05-05,2605,Cinco De Mayo,Cultural,6,5,2011,3
2011-05-06,2828,NoEvent,NoEvent,7,5,2011,3
2011-05-07,3466,NoEvent,NoEvent,1,5,2011,2
2011-05-08,2880,Mother's day,Cultural,2,5,2011,2
2011-05-09,2670,NoEvent,NoEvent,3,5,2011,3
2011-05-10,2584,NoEvent,NoEvent,4,5,2011,1
2011-05-11,2781,NoEvent,NoEvent,5,5,2011,2
2011-05-12,2811,NoEvent,NoEvent,6,5,2011,2
2011-05-13,3153,NoEvent,NoEvent,7,5,2011,1
2011-05-14,3580,NoEvent,NoEvent,1,5,2011,1
2011-05-15,3466,NoEvent,NoEvent,2,5,2011,2
2011-05-16,3001,NoEvent,NoEvent,3,5,2011,0
2011-05-17,2433,NoEvent,NoEvent,4,5,2011,0
2011-05-18,2485,NoEvent,NoEvent,5,5,2011,0
2011-05-19,2181,NoEvent,NoEvent,6,5,2011,0
2011-05-20,2886,NoEvent,NoEvent,7,5,2011,0
2011-05-21,3604,NoEvent,NoEvent,1,5,2011,0
2011-05-22,3105,NoEvent,NoEvent,2,5,2011,0
2011-05-23,2626,NoEvent,NoEvent,3,5,2011,0
2011-05-24,2336,NoEvent,NoEvent,4,5,2011,0
2011-05-25,2316,NoEvent,NoEvent,5,5,2011,0
2011-05-26,2729,NoEvent,NoEvent,6,5,2011,0
2011-05-27,3272,NoEvent,NoEvent,7,5,2011,0
2011-05-28,3214,NoEvent,NoEvent,1,5,2011,0
2011-05-29,2532,NoEvent,NoEvent,2,5,2011,0
2011-05-30,2159,MemorialDay,National,3,5,2011,0
2011-05-31,2188,NBAFinalsStart,Sporting,4,5,2011,0
2011-06-01,2478,NoEvent,NoEvent,5,6,2011,2
2011-06-02,2375,NoEvent,NoEvent,6,6,2011,2
2011-06-03,2974,NoEvent,NoEvent,7,6,2011,3
2011-06-04,3014,NoEvent,NoEvent,1,6,2011,1
2011-06-05,3204,NoEvent,NoEvent,2,6,2011,3
2011-06-06,2710,NoEvent,NoEvent,3,6,2011,3
2011-06-07,2393,NoEvent,NoEvent,4,6,2011,2
2011-06-08,2845,NoEvent,NoEvent,5,6,2011,2
2011-06-09,2593,NoEvent,NoEvent,6,6,2011,3
2011-06-10,3471,NoEvent,NoEvent,7,6,2011,1
2011-06-11,3453,NoEvent,NoEvent,1,6,2011,2
2011-06-12,2616,NBAFinalsEnd,Sporting,2,6,2011,2
2011-06-13,2695,NoEvent,NoEvent,3,6,2011,1
2011-06-14,2781,NoEvent,NoEvent,4,6,2011,1
2011-06-15,2652,NoEvent,NoEvent,5,6,2011,2
2011-06-16,2802,NoEvent,NoEvent,6,6,2011,0
2011-06-17,2836,NoEvent,NoEvent,7,6,2011,0
2011-06-18,3545,NoEvent,NoEvent,1,6,2011,0
2011-06-19,2878,Father's day,Cultural,2,6,2011,0
2011-06-20,2703,NoEvent,NoEvent,3,6,2011,0
2011-06-21,2298,NoEvent,NoEvent,4,6,2011,0
2011-06-22,2558,NoEvent,NoEvent,5,6,2011,0
2011-06-23,2822,NoEvent,NoEvent,6,6,2011,0
2011-06-24,3116,NoEvent,NoEvent,7,6,2011,0
2011-06-25,3140,NoEvent,NoEvent,1,6,2011,0
2011-06-26,3124,NoEvent,NoEvent,2,6,2011,0
2011-06-27,2837,NoEvent,NoEvent,3,6,2011,0
2011-06-28,2515,NoEvent,NoEvent,4,6,2011,0
2011-06-29,2522,NoEvent,NoEvent,5,6,2011,0
2011-06-30,2570,NoEvent,NoEvent,6,6,2011,0
2011-07-01,3757,NoEvent,NoEvent,7,7,2011,2
2011-07-02,3681,NoEvent,NoEvent,1,7,2011,2
2011-07-03,2734,NoEvent,NoEvent,2,7,2011,3
2011-07-04,2308,IndependenceDay,National,3,7,2011,1
2011-07-05,2660,NoEvent,NoEvent,4,7,2011,3
2011-07-06,2939,NoEvent,NoEvent,5,7,2011,3
2011-07-07,2690,NoEvent,NoEvent,6,7,2011,2
2011-07-08,2787,NoEvent,NoEvent,7,7,2011,2
2011-07-09,3568,NoEvent,NoEvent,1,7,2011,3
2011-07-10,3175,NoEvent,NoEvent,2,7,2011,1
2011-07-11,2493,NoEvent,NoEvent,3,7,2011,2
2011-07-12,2553,NoEvent,NoEvent,4,7,2011,2
2011-07-13,2528,NoEvent,NoEvent,5,7,2011,1
2011-07-14,2392,NoEvent,NoEvent,6,7,2011,1
2011-07-15,2913,NoEvent,NoEvent,7,7,2011,2
2011-07-16,3552,NoEvent,NoEvent,1,7,2011,0
2011-07-17,3202,NoEvent,NoEvent,2,7,2011,0
2011-07-18,2875,NoEvent,NoEvent,3,7,2011,0
2011-07-19,2550,NoEvent,NoEvent,4,7,2011,0
2011-07-20,2512,NoEvent,NoEvent,5,7,2011,0
2011-07-21,2483,NoEvent,NoEvent,6,7,2011,0
2011-07-22,3077,NoEvent,NoEvent,7,7,2011,0
2011-07-23,3666,NoEvent,NoEvent,1,7,2011,0
2011-07-24,3185,NoEvent,NoEvent,2,7,2011,0
2011-07-25,2749,NoEvent,NoEvent,3,7,2011,0
2011-07-26,2520,NoEvent,NoEvent,4,7,2011,0
2011-07-27,2330,NoEvent,NoEvent,5,7,2011,0
2011-07-28,2527,NoEvent,NoEvent,6,7,2011,0
2011-07-29,2700,NoEvent,NoEvent,7,7,2011,0
2011-07-30,3714,NoEvent,NoEvent,1,7,2011,0
2011-07-31,2951,NoEvent,NoEvent,2,7,2011,0
2011-08-01,2990,Ramadan starts,Religious,3,8,2011,2
2011-08-02,2768,NoEvent,NoEvent,4,8,2011,2
2011-08-03,2978,NoEvent,NoEvent,5,8,2011,3
2011-08-04,2566,NoEvent,NoEvent,6,8,2011,1
2011-08-05,2684,NoEvent,NoEvent,7,8,2011,3
2011-08-06,3517,NoEvent,NoEvent,1,8,2011,3
2011-08-07,2811,NoEvent,NoEvent,2,8,2011,2
2011-08-08,2428,NoEvent,NoEvent,3,8,2011,2
2011-08-09,2626,NoEvent,NoEvent,4,8,2011,3
2011-08-10,2784,NoEvent,NoEvent,5,8,2011,1
2011-08-11,2459,NoEvent,NoEvent,6,8,2011,2
2011-08-12,2958,NoEvent,NoEvent,7,8,2011,2
2011-08-13,3223,NoEvent,NoEvent,1,8,2011,1
2011-08-14,3132,NoEvent,NoEvent,2,8,2011,1
2011-08-15,2655,NoEvent,NoEvent,3,8,2011,2
2011-08-16,2601,NoEvent,NoEvent,4,8,2011,0
2011-08-17,2397,NoEvent,NoEvent,5,8,2011,0
2011-08-18,2306,NoEvent,NoEvent,6,8,2011,0
2011-08-19,3007,NoEvent,NoEvent,7,8,2011,0
2011-08-20,3568,NoEvent,NoEvent,1,8,2011,0
2011-08-21,2983,NoEvent,NoEvent,2,8,2011,0
2011-08-22,2577,NoEvent,NoEvent,3,8,2011,0
2011-08-23,2371,NoEvent,NoEvent,4,8,2011,0
2011-08-24,2690,NoEvent,NoEvent,5,8,2011,0
2011-08-25,2501,NoEvent,NoEvent,6,8,2011,0
2011-08-26,2943,NoEvent,NoEvent,7,8,2011,0
2011-08-27,3506,NoEvent,NoEvent,1,8,2011,0
2011-08-28,2431,NoEvent,NoEvent,2,8,2011,0
2011-08-29,1939,NoEvent,NoEvent,3,8,2011,0
2011-08-30,2263,NoEvent,NoEvent,4,8,2011,0
2011-08-31,2316,Eid al-Fitr,Religious,5,8,2011,0
2011-09-01,2624,NoEvent,NoEvent,6,9,2011,2
2011-09-02,3092,NoEvent,NoEvent,7,9,2011,2
2011-09-03,3513,NoEvent,NoEvent,1,9,2011,3
2011-09-04,2284,NoEvent,NoEvent,2,9,2011,1
2011-09-05,2581,LaborDay,National,3,9,2011,3
2011-09-06,2744,NoEvent,NoEvent,4,9,2011,3
2011-09-07,2288,NoEvent,NoEvent,5,9,2011,2
2011-09-08,2548,NoEvent,NoEvent,6,9,2011,2
2011-09-09,2748,NoEvent,NoEvent,7,9,2011,3
2011-09-10,3160,NoEvent,NoEvent,1,9,2011,1
2011-09-11,2949,NoEvent,NoEvent,2,9,2011,2
2011-09-12,2257,NoEvent,NoEvent,3,9,2011,2
2011-09-13,2167,NoEvent,NoEvent,4,9,2011,1
2011-09-14,2283,NoEvent,NoEvent,5,9,2011,1
2011-09-15,2543,NoEvent,NoEvent,6,9,2011,2
2011-09-16,2550,NoEvent,NoEvent,7,9,2011,0
2011-09-17,3198,NoEvent,NoEvent,1,9,2011,0
2011-09-18,2853,NoEvent,NoEvent,2,9,2011,0
2011-09-19,2355,NoEvent,NoEvent,3,9,2011,0
2011-09-20,2250,NoEvent,NoEvent,4,9,2011,0
2011-09-21,2328,NoEvent,NoEvent,5,9,2011,0
2011-09-22,2318,NoEvent,NoEvent,6,9,2011,0
2011-09-23,2787,NoEvent,NoEvent,7,9,2011,0
2011-09-24,2992,NoEvent,NoEvent,1,9,2011,0
2011-09-25,2919,NoEvent,NoEvent,2,9,2011,0
2011-09-26,2492,NoEvent,NoEvent,3,9,2011,0
2011-09-27,2393,NoEvent,NoEvent,4,9,2011,0
2011-09-28,2316,NoEvent,NoEvent,5,9,2011,0
2011-09-29,2462,NoEvent,NoEvent,6,9,2011,0
2011-09-30,3363,NoEvent,NoEvent,7,9,2011,0
2011-10-01,3938,NoEvent,NoEvent,1,10,2011,2
2011-10-02,3012,NoEvent,NoEvent,2,10,2011,2
2011-10-03,2983,NoEvent,NoEvent,3,10,2011,3
2011-10-04,2569,NoEvent,NoEvent,4,10,2011,1
2011-10-05,2190,NoEvent,NoEvent,5,10,2011,3
2011-10-06,2356,NoEvent,NoEvent,6,10,2011,3
2011-10-07,2952,NoEvent,NoEvent,7,10,2011,2
2011-10-08,3448,NoEvent,NoEvent,1,10,2011,2
2011-10-09,2864,NoEvent,NoEvent,2,10,2011,3
2011-10-10,2749,ColumbusDay,National,3,10,2011,1
2011-10-11,2764,NoEvent,NoEvent,4,10,2011,2
2011-10-12,2334,NoEvent,NoEvent,5,10,2011,2
2011-10-13,2448,NoEvent,NoEvent,6,10,2011,1
2011-10-14,2928,NoEvent,NoEvent,7,10,2011,1
2011-10-15,3545,NoEvent,NoEvent,1,10,2011,2
2011-10-16,2983,NoEvent,NoEvent,2,10,2011,0
2011-10-17,2549,NoEvent,NoEvent,3,10,2011,0
2011-10-18,2358,NoEvent,NoEvent,4,10,2011,0
2011-10-19,2565,NoEvent,NoEvent,5,10,2011,0
2011-10-20,2306,NoEvent,NoEvent,6,10,2011,0
2011-10-21,2890,NoEvent,NoEvent,7,10,2011,0
2011-10-22,3413,NoEvent,NoEvent,1,10,2011,0
2011-10-23,3177,NoEvent,NoEvent,2,10,2011,0
2011-10-24,2581,NoEvent,NoEvent,3,10,2011,0
2011-10-25,2361,NoEvent,NoEvent,4,10,2011,0
2011-10-26,2675,NoEvent,NoEvent,5,10,2011,0
2011-10-27,2765,NoEvent,NoEvent,6,10,2011,0
2011-10-28,3046,NoEvent,NoEvent,7,10,2011,0
2011-10-29,3758,NoEvent,NoEvent,1,10,2011,0
2011-10-30,3022,NoEvent,NoEvent,2,10,2011,0
2011-10-31,2808,Halloween,Cultural,3,10,2011,0
2011-11-01,2835,NoEvent,NoEvent,4,11,2011,2
2011-11-02,2616,NoEvent,NoEvent,5,11,2011,2
2011-11-03,2985,NoEvent,NoEvent,6,11,2011,3
2011-11-04,3014,NoEvent,NoEvent,7,11,2011,1
2011-11-05,3734,NoEvent,NoEvent,1,11,2011,3
2011-11-06,3100,NoEvent,NoEvent,2,11,2011,3
2011-11-07,2437,EidAlAdha,Religious,3,11,2011,2
2011-11-08,2388,NoEvent,NoEvent,4,11,2011,2
2011-11-09,2457,NoEvent,NoEvent,5,11,2011,3
2011-11-10,2602,NoEvent,NoEvent,6,11,2011,1
2011-11-11,2778,VeteransDay,National,7,11,2011,2
2011-11-12,3486,NoEvent,NoEvent,1,11,2011,2
2011-11-13,2688,NoEvent,NoEvent,2,11,2011,1
2011-11-14,2663,NoEvent,NoEvent,3,11,2011,1
2011-11-15,2416,NoEvent,NoEvent,4,11,2011,2
2011-11-16,2373,NoEvent,NoEvent,5,11,2011,0
2011-11-17,2350,NoEvent,NoEvent,6,11,2011,0
2011-11-18,2764,NoEvent,NoEvent,7,11,2011,0
2011-11-19,3229,NoEvent,NoEvent,1,11,2011,0
2011-11-20,3203,NoEvent,NoEvent,2,11,2011,0
2011-11-21,2516,NoEvent,NoEvent,3,11,2011,0
2011-11-22,2285,NoEvent,NoEvent,4,11,2011,0
2011-11-23,2460,NoEvent,NoEvent,5,11,2011,0
2011-11-24,1140,Thanksgiving,National,6,11,2011,0
2011-11-25,2631,NoEvent,NoEvent,7,11,2011,0
2011-11-26,2948,NoEvent,NoEvent,1,11,2011,0
2011-11-27,2615,NoEvent,NoEvent,2,11,2011,0
2011-11-28,2449,NoEvent,NoEvent,3,11,2011,0
2011-11-29,2769,NoEvent,NoEvent,4,11,2011,0
2011-11-30,2393,NoEvent,NoEvent,5,11,2011,0
2011-12-01,3151,NoEvent,NoEvent,6,12,2011,2
2011-12-02,3164,NoEvent,NoEvent,7,12,2011,2
2011-12-03,4238,NoEvent,NoEvent,1,12,2011,3
2011-12-04,3318,NoEvent,NoEvent,2,12,2011,1
2011-12-05,2623,NoEvent,NoEvent,3,12,2011,3
2011-12-06,2661,NoEvent,NoEvent,4,12,2011,3
2011-12-07,2581,NoEvent,NoEvent,5,12,2011,2
2011-12-08,2747,NoEvent,NoEvent,6,12,2011,2
2011-12-09,2955,NoEvent,NoEvent,7,12,2011,3
2011-12-10,3417,NoEvent,NoEvent,1,12,2011,1
2011-12-11,2830,NoEvent,NoEvent,2,12,2011,2
2011-12-12,2831,NoEvent,NoEvent,3,12,2011,2
2011-12-13,2443,NoEvent,NoEvent,4,12,2011,1
2011-12-14,2485,NoEvent,NoEvent,5,12,2011,1
2011-12-15,2894,NoEvent,NoEvent,6,12,2011,2
2011-12-16,2914,NoEvent,NoEvent,7,12,2011,0
2011-12-17,3270,NoEvent,NoEvent,1,12,2011,0
2011-12-18,2802,NoEvent,NoEvent,2,12,2011,0
2011-12-19,2627,NoEvent,NoEvent,3,12,2011,0
2011-12-20,2620,NoEvent,NoEvent,4,12,2011,0
2011-12-21,2763,NoEvent,NoEvent,5,12,2011,0
2011-12-22,2945,NoEvent,NoEvent,6,12,2011,0
2011-12-23,3350,NoEvent,NoEvent,7,12,2011,0
2011-12-24,2580,NoEvent,NoEvent,1,12,2011,0
2011-12-25,0,Christmas,National,2,12,2011,0
2011-12-26,3244,NoEvent,NoEvent,3,12,2011,0
2011-12-27,2538,NoEvent,NoEvent,4,12,2011,0
2011-12-28,2548,Chanukah End,Religious,5,12,2011,0
2011-12-29,2427,NoEvent,NoEvent,6,12,2011,0
2011-12-30,3581,NoEvent,NoEvent,7,12,2011,0
2011-12-31,2849,NoEvent,NoEvent,1,12,2011,0
2012-01-01,1825,NewYear,National,2,1,2012,2
2012-01-02,3082,NoEvent,NoEvent,3,1,2012,2
2012-01-03,2649,NoEvent,NoEvent,4,1,2012,3
2012-01-04,2526,NoEvent,NoEvent,5,1,2012,1
2012-01-05,2433,NoEvent,NoEvent,6,1,2012,3
2012-01-06,2957,NoEvent,NoEvent,7,1,2012,3
2012-01-07,3468,OrthodoxChristmas,Religious,1,1,2012,2
2012-01-08,2708,NoEvent,NoEvent,2,1,2012,2
2012-01-09,2203,NoEvent,NoEvent,3,1,2012,3
2012-01-10,2467,NoEvent,NoEvent,4,1,2012,1
2012-01-11,2844,NoEvent,NoEvent,5,1,2012,2
2012-01-12,2110,NoEvent,NoEvent,6,1,2012,2
2012-01-13,2631,NoEvent,NoEvent,7,1,2012,1
2012-01-14,3371,NoEvent,NoEvent,1,1,2012,1
2012-01-15,2977,NoEvent,NoEvent,2,1,2012,2
2012-01-16,2797,MartinLutherKingDay,National,3,1,2012,0
2012-01-17,1988,NoEvent,NoEvent,4,1,2012,0
2012-01-18,2508,NoEvent,NoEvent,5,1,2012,0
2012-01-19,2414,NoEvent,NoEvent,6,1,2012,0
2012-01-20,2419,NoEvent,NoEvent,7,1,2012,0
2012-01-21,3827,NoEvent,NoEvent,1,1,2012,0
2012-01-22,2585,NoEvent,NoEvent,2,1,2012,0
2012-01-23,2426,NoEvent,NoEvent,3,1,2012,0
2012-01-24,2462,NoEvent,NoEvent,4,1,2012,0
2012-01-25,2244,NoEvent,NoEvent,5,1,2012,0
2012-01-26,2550,NoEvent,NoEvent,6,1,2012,0
2012-01-27,2789,NoEvent,NoEvent,7,1,2012,0
2012-01-28,3696,NoEvent,NoEvent,1,1,2012,0
2012-01-29,3212,NoEvent,NoEvent,2,1,2012,0
2012-01-30,2227,NoEvent,NoEvent,3,1,2012,0
2012-01-31,2492,NoEvent,NoEvent,4,1,2012,0
2012-02-01,3012,NoEvent,NoEvent,5,2,2012,2
2012-02-02,2682,NoEvent,NoEvent,6,2,2012,2
2012-02-03,3308,NoEvent,NoEvent,7,2,2012,3
2012-02-04,4026,NoEvent,NoEvent,1,2,2012,1
2012-02-05,3156,SuperBowl,Sporting,2,2,2012,3
2012-02-06,2546,NoEvent,NoEvent,3,2,2012,3
2012-02-07,2438,NoEvent,NoEvent,4,2,2012,2
2012-02-08,2323,NoEvent,NoEvent,5,2,2012,2
2012-02-09,2605,NoEvent,NoEvent,6,2,2012,3
2012-02-10,2676,NoEvent,NoEvent,7,2,2012,1
2012-02-11,3926,NoEvent,NoEvent,1,2,2012,2
2012-02-12,3283,NoEvent,NoEvent,2,2,2012,2
2012-02-13,2335,NoEvent,NoEvent,3,2,2012,1
2012-02-14,2295,ValentinesDay,Cultural,4,2,2012,1
2012-02-15,2484,NoEvent,NoEvent,5,2,2012,2
2012-02-16,2579,NoEvent,NoEvent,6,2,2012,0
2012-02-17,2860,NoEvent,NoEvent,7,2,2012,0
2012-02-18,3581,NoEvent,NoEvent,1,2,2012,0
2012-02-19,3137,NoEvent,NoEvent,2,2,2012,0
2012-02-20,2430,PresidentsDay,National,3,2,2012,0
2012-02-21,2564,NoEvent,NoEvent,4,2,2012,0
2012-02-22,2460,LentStart,Religious,5,2,2012,0
2012-02-23,2440,NoEvent,NoEvent,6,2,2012,0
2012-02-24,2599,NoEvent,NoEvent,7,2,2012,0
2012-02-25,3723,NoEvent,NoEvent,1,2,2012,0
2012-02-26,3314,NoEvent,NoEvent,2,2,2012,0
2012-02-27,2440,NoEvent,NoEvent,3,2,2012,0
2012-02-28,2471,NoEvent,NoEvent,4,2,2012,0
2012-02-29,2525,LentWeek2,Religious,5,2,2012,0
2012-03-01,3025,NoEvent,NoEvent,6,3,2012,2
2012-03-02,3121,NoEvent,NoEvent,7,3,2012,2
2012-03-03,3809,NoEvent,NoEvent,1,3,2012,3
2012-03-04,3462,NoEvent,NoEvent,2,3,2012,1
2012-03-05,2635,NoEvent,NoEvent,3,3,2012,3
2012-03-06,2604,NoEvent,NoEvent,4,3,2012,3
2012-03-07,2586,NoEvent,NoEvent,5,3,2012,2
2012-03-08,2593,Purim End,Religious,6,3,2012,2
2012-03-09,2602,NoEvent,NoEvent,7,3,2012,3
2012-03-10,3590,NoEvent,NoEvent,1,3,2012,1
2012-03-11,3292,NoEvent,NoEvent,2,3,2012,2
2012-03-12,2481,NoEvent,NoEvent,3,3,2012,2
2012-03-13,2351,NoEvent,NoEvent,4,3,2012,1
2012-03-14,2247,NoEvent,NoEvent,5,3,2012,1
2012-03-15,2643,NoEvent,NoEvent,6,3,2012,2
2012-03-16,2804,NoEvent,NoEvent,7,3,2012,0
2012-03-17,3552,StPatricksDay,Cultural,1,3,2012,0
2012-03-18,3103,NoEvent,NoEvent,2,3,2012,0
2012-03-19,2777,NoEvent,NoEvent,3,3,2012,0
2012-03-20,2430,NoEvent,NoEvent,4,3,2012,0
2012-03-21,2349,NoEvent,NoEvent,5,3,2012,0
2012-03-22,2253,NoEvent,NoEvent,6,3,2012,0
2012-03-23,2817,NoEvent,NoEvent,7,3,2012,0
2012-03-24,3559,NoEvent,NoEvent,1,3,2012,0
2012-03-25,3133,NoEvent,NoEvent,2,3,2012,0
2012-03-26,2321,NoEvent,NoEvent,3,3,2012,0
2012-03-27,2467,NoEvent,NoEvent,4,3,2012,0
2012-03-28,2376,NoEvent,NoEvent,5,3,2012,0
2012-03-29,2366,NoEvent,NoEvent,6,3,2012,0
2012-03-30,3145,NoEvent,NoEvent,7,3,2012,0
2012-03-31,4013,NoEvent,NoEvent,1,3,2012,0
2012-04-01,3102,NoEvent,NoEvent,2,4,2012,2
2012-04-02,2818,NoEvent,NoEvent,3,4,2012,2
2012-04-03,2767,NoEvent,NoEvent,4,4,2012,3
2012-04-04,2282,NoEvent,NoEvent,5,4,2012,1
2012-04-05,2530,NoEvent,NoEvent,6,4,2012,3
2012-04-06,3085,NoEvent,NoEvent,7,4,2012,3
2012-04-07,3757,NoEvent,NoEvent,1,4,2012,2
2012-04-08,2290,Easter,Cultural,2,4,2012,2
2012-04-09,2672,NoEvent,NoEvent,3,4,2012,3
2012-04-10,2586,NoEvent,NoEvent,4,4,2012,1
2012-04-11,2859,NoEvent,NoEvent,5,4,2012,2
2012-04-12,2597,NoEvent,NoEvent,6,4,2012,2
2012-04-13,3234,NoEvent,NoEvent,7,4,2012,1
2012-04-14,3623,Pesach End,Religious,1,4,2012,1
2012-04-15,3224,OrthodoxEaster,Religious,2,4,2012,2
2012-04-16,2848,NoEvent,NoEvent,3,4,2012,0
2012-04-17,2303,NoEvent,NoEvent,4,4,2012,0
2012-04-18,2392,NoEvent,NoEvent,5,4,2012,0
2012-04-19,2590,NoEvent,NoEvent,6,4,2012,0
2012-04-20,2613,NoEvent,NoEvent,7,4,2012,0
2012-04-21,3245,NoEvent,NoEvent,1,4,2012,0
2012-04-22,3014,NoEvent,NoEvent,2,4,2012,0
2012-04-23,2670,NoEvent,NoEvent,3,4,2012,0
2012-04-24,2459,NoEvent,NoEvent,4,4,2012,0
2012-04-25,2498,NoEvent,NoEvent,5,4,2012,0
2012-04-26,2282,NoEvent,NoEvent,6,4,2012,0
2012-04-27,2825,NoEvent,NoEvent,7,4,2012,0
2012-04-28,3534,NoEvent,NoEvent,1,4,2012,0
2012-04-29,3407,NoEvent,NoEvent,2,4,2012,0
2012-04-30,2393,NoEvent,NoEvent,3,4,2012,0
2012-05-01,2846,NoEvent,NoEvent,4,5,2012,2
2012-05-02,2736,NoEvent,NoEvent,5,5,2012,2
2012-05-03,3228,NoEvent,NoEvent,6,5,2012,3
2012-05-04,3180,NoEvent,NoEvent,7,5,2012,1
2012-05-05,3268,Cinco De Mayo,Cultural,1,5,2012,3
2012-05-06,3375,NoEvent,NoEvent,2,5,2012,3
2012-05-07,2204,NoEvent,NoEvent,3,5,2012,2
2012-05-08,2074,NoEvent,NoEvent,4,5,2012,2
2012-05-09,2090,NoEvent,NoEvent,5,5,2012,3
2012-05-10,2203,NoEvent,NoEvent,6,5,2012,1
2012-05-11,2279,NoEvent,NoEvent,7,5,2012,2
2012-05-12,2714,NoEvent,NoEvent,1,5,2012,2
2012-05-13,2306,Mother's day,Cultural,2,5,2012,1
2012-05-14,2063,NoEvent,NoEvent,3,5,2012,1
2012-05-15,2244,NoEvent,NoEvent,4,5,2012,2
2012-05-16,2289,NoEvent,NoEvent,5,5,2012,0
2012-05-17,1986,NoEvent,NoEvent,6,5,2012,0
2012-05-18,2338,NoEvent,NoEvent,7,5,2012,0
2012-05-19,2855,NoEvent,NoEvent,1,5,2012,0
2012-05-20,2644,NoEvent,NoEvent,2,5,2012,0
2012-05-21,2175,NoEvent,NoEvent,3,5,2012,0
2012-05-22,1951,NoEvent,NoEvent,4,5,2012,0
2012-05-23,1947,NoEvent,NoEvent,5,5,2012,0
2012-05-24,2164,NoEvent,NoEvent,6,5,2012,0
2012-05-25,2424,NoEvent,NoEvent,7,5,2012,0
2012-05-26,2790,NoEvent,NoEvent,1,5,2012,0
2012-05-27,2798,NoEvent,NoEvent,2,5,2012,0
2012-05-28,2652,MemorialDay,National,3,5,2012,0
2012-05-29,2620,NoEvent,NoEvent,4,5,2012,0
2012-05-30,2547,NoEvent,NoEvent,5,5,2012,0
2012-05-31,2896,NoEvent,NoEvent,6,5,2012,0
2012-06-01,3774,NoEvent,NoEvent,7,6,2012,2
2012-06-02,3743,NoEvent,NoEvent,1,6,2012,2
2012-06-03,3287,NoEvent,NoEvent,2,6,2012,3
2012-06-04,2967,NoEvent,NoEvent,3,6,2012,1
2012-06-05,2556,NoEvent,NoEvent,4,6,2012,3
2012-06-06,2879,NoEvent,NoEvent,5,6,2012,3
2012-06-07,2773,NoEvent,NoEvent,6,6,2012,2
2012-06-08,3280,NoEvent,NoEvent,7,6,2012,2
2012-06-09,3513,NoEvent,NoEvent,1,6,2012,3
2012-06-10,3315,NoEvent,NoEvent,2,6,2012,1
2012-06-11,2787,NoEvent,NoEvent,3,6,2012,2
2012-06-12,2431,NBAFinalsStart,Sporting,4,6,2012,2
2012-06-13,2736,NoEvent,NoEvent,5,6,2012,1
2012-06-14,2500,NoEvent,NoEvent,6,6,2012,1
2012-06-15,3201,NoEvent,NoEvent,7,6,2012,2
2012-06-16,3826,NoEvent,NoEvent,1,6,2012,0
2012-06-17,2927,Father's day,Cultural,2,6,2012,0
2012-06-18,2784,NoEvent,NoEvent,3,6,2012,0
2012-06-19,2513,NoEvent,NoEvent,4,6,2012,0
2012-06-20,2603,NoEvent,NoEvent,5,6,2012,0
2012-06-21,2854,NBAFinalsEnd,Sporting,6,6,2012,0
2012-06-22,3602,NoEvent,NoEvent,7,6,2012,0
2012-06-23,3248,NoEvent,NoEvent,1,6,2012,0
2012-06-24,3207,NoEvent,NoEvent,2,6,2012,0
2012-06-25,2609,NoEvent,NoEvent,3,6,2012,0
2012-06-26,2737,NoEvent,NoEvent,4,6,2012,0
2012-06-27,2527,NoEvent,NoEvent,5,6,2012,0
2012-06-28,2468,NoEvent,NoEvent,6,6,2012,0
2012-06-29,3434,NoEvent,NoEvent,7,6,2012,0
2012-06-30,3985,NoEvent,NoEvent,1,6,2012,0
2012-07-01,2636,NoEvent,NoEvent,2,7,2012,2
2012-07-02,2314,NoEvent,NoEvent,3,7,2012,2
2012-07-03,2414,NoEvent,NoEvent,4,7,2012,3
2012-07-04,1930,IndependenceDay,National,5,7,2012,1
2012-07-05,2081,NoEvent,NoEvent,6,7,2012,3
2012-07-06,2638,NoEvent,NoEvent,7,7,2012,3
2012-07-07,2677,NoEvent,NoEvent,1,7,2012,2
2012-07-08,3367,NoEvent,NoEvent,2,7,2012,2
2012-07-09,2647,NoEvent,NoEvent,3,7,2012,3
2012-07-10,2630,NoEvent,NoEvent,4,7,2012,1
2012-07-11,2711,NoEvent,NoEvent,5,7,2012,2
2012-07-12,2567,NoEvent,NoEvent,6,7,2012,2
2012-07-13,3300,NoEvent,NoEvent,7,7,2012,1
2012-07-14,3692,NoEvent,NoEvent,1,7,2012,1
2012-07-15,3216,NoEvent,NoEvent,2,7,2012,2
2012-07-16,2868,NoEvent,NoEvent,3,7,2012,0
2012-07-17,2596,NoEvent,NoEvent,4,7,2012,0
2012-07-18,2661,NoEvent,NoEvent,5,7,2012,0
2012-07-19,3137,NoEvent,NoEvent,6,7,2012,0
2012-07-20,3405,Ramadan starts,Religious,7,7,2012,0
2012-07-21,3593,NoEvent,NoEvent,1,7,2012,0
2012-07-22,3390,NoEvent,NoEvent,2,7,2012,0
2012-07-23,2735,NoEvent,NoEvent,3,7,2012,0
2012-07-24,2301,NoEvent,NoEvent,4,7,2012,0
2012-07-25,2126,NoEvent,NoEvent,5,7,2012,0
2012-07-26,2277,NoEvent,NoEvent,6,7,2012,0
2012-07-27,2457,NoEvent,NoEvent,7,7,2012,0
2012-07-28,2783,NoEvent,NoEvent,1,7,2012,0
2012-07-29,2444,NoEvent,NoEvent,2,7,2012,0
2012-07-30,2094,NoEvent,NoEvent,3,7,2012,0
2012-07-31,2353,NoEvent,NoEvent,4,7,2012,0
2012-08-01,2563,NoEvent,NoEvent,5,8,2012,2
2012-08-02,2604,NoEvent,NoEvent,6,8,2012,2
2012-08-03,2833,NoEvent,NoEvent,7,8,2012,3
2012-08-04,2810,NoEvent,NoEvent,1,8,2012,1
2012-08-05,2629,NoEvent,NoEvent,2,8,2012,3
2012-08-06,2268,NoEvent,NoEvent,3,8,2012,3
2012-08-07,2166,NoEvent,NoEvent,4,8,2012,2
2012-08-08,2023,NoEvent,NoEvent,5,8,2012,2
2012-08-09,2007,NoEvent,NoEvent,6,8,2012,3
2012-08-10,2445,NoEvent,NoEvent,7,8,2012,1
2012-08-11,2716,NoEvent,NoEvent,1,8,2012,2
2012-08-12,2647,NoEvent,NoEvent,2,8,2012,2
2012-08-13,2055,NoEvent,NoEvent,3,8,2012,1
2012-08-14,2075,NoEvent,NoEvent,4,8,2012,1
2012-08-15,2254,NoEvent,NoEvent,5,8,2012,2
2012-08-16,2452,NoEvent,NoEvent,6,8,2012,0
2012-08-17,2490,NoEvent,NoEvent,7,8,2012,0
2012-08-18,2885,NoEvent,NoEvent,1,8,2012,0
2012-08-19,2912,Eid al-Fitr,Religious,2,8,2012,0
2012-08-20,2071,NoEvent,NoEvent,3,8,2012,0
2012-08-21,1954,NoEvent,NoEvent,4,8,2012,0
2012-08-22,2203,NoEvent,NoEvent,5,8,2012,0
2012-08-23,2012,NoEvent,NoEvent,6,8,2012,0
2012-08-24,2439,NoEvent,NoEvent,7,8,2012,0
2012-08-25,2812,NoEvent,NoEvent,1,8,2012,0
2012-08-26,2754,NoEvent,NoEvent,2,8,2012,0
2012-08-27,2355,NoEvent,NoEvent,3,8,2012,0
2012-08-28,2112,NoEvent,NoEvent,4,8,2012,0
2012-08-29,2061,NoEvent,NoEvent,5,8,2012,0
2012-08-30,1952,NoEvent,NoEvent,6,8,2012,0
2012-08-31,2992,NoEvent,NoEvent,7,8,2012,0
2012-09-01,3375,NoEvent,NoEvent,1,9,2012,2
2012-09-02,2609,NoEvent,NoEvent,2,9,2012,2
2012-09-03,2469,LaborDay,National,3,9,2012,3
2012-09-04,2308,NoEvent,NoEvent,4,9,2012,1
2012-09-05,2102,NoEvent,NoEvent,5,9,2012,3
2012-09-06,2224,NoEvent,NoEvent,6,9,2012,3
2012-09-07,2327,NoEvent,NoEvent,7,9,2012,2
2012-09-08,3017,NoEvent,NoEvent,1,9,2012,2
2012-09-09,2831,NoEvent,NoEvent,2,9,2012,3
2012-09-10,2041,NoEvent,NoEvent,3,9,2012,1
2012-09-11,2151,NoEvent,NoEvent,4,9,2012,2
2012-09-12,1896,NoEvent,NoEvent,5,9,2012,2
2012-09-13,2028,NoEvent,NoEvent,6,9,2012,1
2012-09-14,2510,NoEvent,NoEvent,7,9,2012,1
2012-09-15,3065,NoEvent,NoEvent,1,9,2012,2
2012-09-16,3190,NoEvent,NoEvent,2,9,2012,0
2012-09-17,2195,NoEvent,NoEvent,3,9,2012,0
2012-09-18,2507,NoEvent,NoEvent,4,9,2012,0
2012-09-19,2195,NoEvent,NoEvent,5,9,2012,0
2012-09-20,2096,NoEvent,NoEvent,6,9,2012,0
2012-09-21,2483,NoEvent,NoEvent,7,9,2012,0
2012-09-22,3211,NoEvent,NoEvent,1,9,2012,0
2012-09-23,2775,NoEvent,NoEvent,2,9,2012,0
2012-09-24,2280,NoEvent,NoEvent,3,9,2012,0
2012-09-25,1942,NoEvent,NoEvent,4,9,2012,0
2012-09-26,2052,NoEvent,NoEvent,5,9,2012,0
2012-09-27,2193,NoEvent,NoEvent,6,9,2012,0
2012-09-28,2555,NoEvent,NoEvent,7,9,2012,0
2012-09-29,2985,NoEvent,NoEvent,1,9,2012,0
2012-09-30,2742,NoEvent,NoEvent,2,9,2012,0
2012-10-01,2522,NoEvent,NoEvent,3,10,2012,2
2012-10-02,2362,NoEvent,NoEvent,4,10,2012,2
2012-10-03,2476,NoEvent,NoEvent,5,10,2012,3
2012-10-04,2434,NoEvent,NoEvent,6,10,2012,1
2012-10-05,2432,NoEvent,NoEvent,7,10,2012,3
2012-10-06,2950,NoEvent,NoEvent,1,10,2012,3
2012-10-07,2757,NoEvent,NoEvent,2,10,2012,2
2012-10-08,2189,ColumbusDay,National,3,10,2012,2
2012-10-09,2246,NoEvent,NoEvent,4,10,2012,3
2012-10-10,2020,NoEvent,NoEvent,5,10,2012,1
2012-10-11,2220,NoEvent,NoEvent,6,10,2012,2
2012-10-12,2568,NoEvent,NoEvent,7,10,2012,2
2012-10-13,3042,NoEvent,NoEvent,1,10,2012,1
2012-10-14,2743,NoEvent,NoEvent,2,10,2012,1
2012-10-15,2187,NoEvent,NoEvent,3,10,2012,2
2012-10-16,1973,NoEvent,NoEvent,4,10,2012,0
2012-10-17,2112,NoEvent,NoEvent,5,10,2012,0
2012-10-18,2249,NoEvent,NoEvent,6,10,2012,0
2012-10-19,2380,NoEvent,NoEvent,7,10,2012,0
2012-10-20,2815,NoEvent,NoEvent,1,10,2012,0
2012-10-21,2763,NoEvent,NoEvent,2,10,2012,0
2012-10-22,2117,NoEvent,NoEvent,3,10,2012,0
2012-10-23,2050,NoEvent,NoEvent,4,10,2012,0
2012-10-24,2128,NoEvent,NoEvent,5,10,2012,0
2012-10-25,2094,NoEvent,NoEvent,6,10,2012,0
2012-10-26,2777,EidAlAdha,Religious,7,10,2012,0
2012-10-27,3015,NoEvent,NoEvent,1,10,2012,0
2012-10-28,2812,NoEvent,NoEvent,2,10,2012,0
2012-10-29,2342,NoEvent,NoEvent,3,10,2012,0
2012-10-30,2373,NoEvent,NoEvent,4,10,2012,0
2012-10-31,2001,Halloween,Cultural,5,10,2012,0
2012-11-01,2518,NoEvent,NoEvent,6,11,2012,2
2012-11-02,2954,NoEvent,NoEvent,7,11,2012,2
2012-11-03,3307,NoEvent,NoEvent,1,11,2012,3
2012-11-04,2915,NoEvent,NoEvent,2,11,2012,1
2012-11-05,2145,NoEvent,NoEvent,3,11,2012,3
2012-11-06,2029,NoEvent,NoEvent,4,11,2012,3
2012-11-07,2072,NoEvent,NoEvent,5,11,2012,2
2012-11-08,2191,NoEvent,NoEvent,6,11,2012,2
2012-11-09,2413,NoEvent,NoEvent,7,11,2012,3
2012-11-10,3237,NoEvent,NoEvent,1,11,2012,1
2012-11-11,3004,VeteransDay,National,2,11,2012,2
2012-11-12,2202,NoEvent,NoEvent,3,11,2012,2
2012-11-13,2120,NoEvent,NoEvent,4,11,2012,1
2012-11-14,1876,NoEvent,NoEvent,5,11,2012,1
2012-11-15,1967,NoEvent,NoEvent,6,11,2012,2
2012-11-16,2396,NoEvent,NoEvent,7,11,2012,0
2012-11-17,3157,NoEvent,NoEvent,1,11,2012,0
2012-11-18,2609,NoEvent,NoEvent,2,11,2012,0
2012-11-19,2253,NoEvent,NoEvent,3,11,2012,0
2012-11-20,2205,NoEvent,NoEvent,4,11,2012,0
2012-11-21,2195,NoEvent,NoEvent,5,11,2012,0
2012-11-22,1064,Thanksgiving,National,6,11,2012,0
2012-11-23,1958,NoEvent,NoEvent,7,11,2012,0
2012-11-24,2335,NoEvent,NoEvent,1,11,2012,0
2012-11-25,2579,NoEvent,NoEvent,2,11,2012,0
2012-11-26,2253,NoEvent,NoEvent,3,11,2012,0
2012-11-27,1927,NoEvent,NoEvent,4,11,2012,0
2012-11-28,1964,NoEvent,NoEvent,5,11,2012,0
2012-11-29,2036,NoEvent,NoEvent,6,11,2012,0
2012-11-30,2471,NoEvent,NoEvent,7,11,2012,0
2012-12-01,3432,NoEvent,NoEvent,1,12,2012,2
2012-12-02,2780,NoEvent,NoEvent,2,12,2012,2
2012-12-03,2661,NoEvent,NoEvent,3,12,2012,3
2012-12-04,2292,NoEvent,NoEvent,4,12,2012,1
2012-12-05,2237,NoEvent,NoEvent,5,12,2012,3
2012-12-06,2134,NoEvent,NoEvent,6,12,2012,3
2012-12-07,2386,NoEvent,NoEvent,7,12,2012,2
2012-12-08,2927,NoEvent,NoEvent,1,12,2012,2
2012-12-09,2877,NoEvent,NoEvent,2,12,2012,3
2012-12-10,2345,NoEvent,NoEvent,3,12,2012,1
2012-12-11,2223,NoEvent,NoEvent,4,12,2012,2
2012-12-12,2300,NoEvent,NoEvent,5,12,2012,2
2012-12-13,2194,NoEvent,NoEvent,6,12,2012,1
2012-12-14,2368,NoEvent,NoEvent,7,12,2012,1
2012-12-15,3105,NoEvent,NoEvent,1,12,2012,2
2012-12-16,2891,Chanukah End,Religious,2,12,2012,0
2012-12-17,2364,NoEvent,NoEvent,3,12,2012,0
2012-12-18,2257,NoEvent,NoEvent,4,12,2012,0
2012-12-19,2508,NoEvent,NoEvent,5,12,2012,0
2012-12-20,2159,NoEvent,NoEvent,6,12,2012,0
2012-12-21,2795,NoEvent,NoEvent,7,12,2012,0
2012-12-22,2976,NoEvent,NoEvent,1,12,2012,0
2012-12-23,2586,NoEvent,NoEvent,2,12,2012,0
2012-12-24,1865,NoEvent,NoEvent,3,12,2012,0
2012-12-25,0,Christmas,National,4,12,2012,0
2012-12-26,2172,NoEvent,NoEvent,5,12,2012,0
2012-12-27,2183,NoEvent,NoEvent,6,12,2012,0
2012-12-28,2377,NoEvent,NoEvent,7,12,2012,0
2012-12-29,2555,NoEvent,NoEvent,1,12,2012,0
2012-12-30,2352,NoEvent,NoEvent,2,12,2012,0
2012-12-31,2028,NoEvent,NoEvent,3,12,2012,0
2013-01-01,1558,NewYear,National,4,1,2013,2
2013-01-02,2145,NoEvent,NoEvent,5,1,2013,2
2013-01-03,2352,NoEvent,NoEvent,6,1,2013,3
2013-01-04,2412,NoEvent,NoEvent,7,1,2013,1
2013-01-05,2784,NoEvent,NoEvent,1,1,2013,3
2013-01-06,2682,NoEvent,NoEvent,2,1,2013,3
2013-01-07,2000,OrthodoxChristmas,Religious,3,1,2013,2
2013-01-08,2041,NoEvent,NoEvent,4,1,2013,2
2013-01-09,1865,NoEvent,NoEvent,5,1,2013,3
2013-01-10,2141,NoEvent,NoEvent,6,1,2013,1
2013-01-11,2416,NoEvent,NoEvent,7,1,2013,2
2013-01-12,2956,NoEvent,NoEvent,1,1,2013,2
2013-01-13,2630,NoEvent,NoEvent,2,1,2013,1
2013-01-14,1968,NoEvent,NoEvent,3,1,2013,1
2013-01-15,1979,NoEvent,NoEvent,4,1,2013,2
2013-01-16,2041,NoEvent,NoEvent,5,1,2013,0
2013-01-17,2248,NoEvent,NoEvent,6,1,2013,0
2013-01-18,2400,NoEvent,NoEvent,7,1,2013,0
2013-01-19,3147,NoEvent,NoEvent,1,1,2013,0
2013-01-20,2612,NoEvent,NoEvent,2,1,2013,0
2013-01-21,2603,MartinLutherKingDay,National,3,1,2013,0
2013-01-22,2052,NoEvent,NoEvent,4,1,2013,0
2013-01-23,2954,NoEvent,NoEvent,5,1,2013,0
2013-01-24,2852,NoEvent,NoEvent,6,1,2013,0
2013-01-25,3372,NoEvent,NoEvent,7,1,2013,0
2013-01-26,4286,NoEvent,NoEvent,1,1,2013,0
2013-01-27,3840,NoEvent,NoEvent,2,1,2013,0
2013-01-28,2806,NoEvent,NoEvent,3,1,2013,0
2013-01-29,2919,NoEvent,NoEvent,4,1,2013,0
2013-01-30,2574,NoEvent,NoEvent,5,1,2013,0
2013-01-31,2961,NoEvent,NoEvent,6,1,2013,0
2013-02-01,4200,NoEvent,NoEvent,7,2,2013,2
2013-02-02,5210,NoEvent,NoEvent,1,2,2013,2
2013-02-03,2868,SuperBowl,Sporting,2,2,2013,3
2013-02-04,2551,NoEvent,NoEvent,3,2,2013,1
2013-02-05,2347,NoEvent,NoEvent,4,2,2013,3
2013-02-06,2650,NoEvent,NoEvent,5,2,2013,3
2013-02-07,2199,NoEvent,NoEvent,6,2,2013,2
2013-02-08,2702,NoEvent,NoEvent,7,2,2013,2
2013-02-09,3364,NoEvent,NoEvent,1,2,2013,3
2013-02-10,3886,NoEvent,NoEvent,2,2,2013,1
2013-02-11,3241,NoEvent,NoEvent,3,2,2013,2
2013-02-12,3132,NoEvent,NoEvent,4,2,2013,2
2013-02-13,3334,LentStart,Religious,5,2,2013,1
2013-02-14,2646,ValentinesDay,Cultural,6,2,2013,1
2013-02-15,3507,NoEvent,NoEvent,7,2,2013,2
2013-02-16,4454,NoEvent,NoEvent,1,2,2013,0
2013-02-17,3826,NoEvent,NoEvent,2,2,2013,0
2013-02-18,3020,PresidentsDay,National,3,2,2013,0
2013-02-19,2695,NoEvent,NoEvent,4,2,2013,0
2013-02-20,2967,LentWeek2,Religious,5,2,2013,0
2013-02-21,2895,NoEvent,NoEvent,6,2,2013,0
2013-02-22,3329,NoEvent,NoEvent,7,2,2013,0
2013-02-23,4759,NoEvent,NoEvent,1,2,2013,0
2013-02-24,3916,Purim End,Religious,2,2,2013,0
2013-02-25,2985,NoEvent,NoEvent,3,2,2013,0
2013-02-26,2617,NoEvent,NoEvent,4,2,2013,0
2013-02-27,2846,NoEvent,NoEvent,5,2,2013,0
2013-02-28,3278,NoEvent,NoEvent,6,2,2013,0
2013-03-01,4230,NoEvent,NoEvent,7,3,2013,2
2013-03-02,5171,NoEvent,NoEvent,1,3,2013,2
2013-03-03,3380,NoEvent,NoEvent,2,3,2013,3
2013-03-04,2622,NoEvent,NoEvent,3,3,2013,1
2013-03-05,2233,NoEvent,NoEvent,4,3,2013,3
2013-03-06,2271,NoEvent,NoEvent,5,3,2013,3
2013-03-07,2160,NoEvent,NoEvent,6,3,2013,2
2013-03-08,2516,NoEvent,NoEvent,7,3,2013,2
2013-03-09,3347,NoEvent,NoEvent,1,3,2013,3
2013-03-10,3851,NoEvent,NoEvent,2,3,2013,1
2013-03-11,3230,NoEvent,NoEvent,3,3,2013,2
2013-03-12,2832,NoEvent,NoEvent,4,3,2013,2
2013-03-13,2912,NoEvent,NoEvent,5,3,2013,1
2013-03-14,3075,NoEvent,NoEvent,6,3,2013,1
2013-03-15,3506,NoEvent,NoEvent,7,3,2013,2
2013-03-16,4029,NoEvent,NoEvent,1,3,2013,0
2013-03-17,3700,StPatricksDay,Cultural,2,3,2013,0
2013-03-18,2928,NoEvent,NoEvent,3,3,2013,0
2013-03-19,2982,NoEvent,NoEvent,4,3,2013,0
2013-03-20,3013,NoEvent,NoEvent,5,3,2013,0
2013-03-21,2914,NoEvent,NoEvent,6,3,2013,0
2013-03-22,3627,NoEvent,NoEvent,7,3,2013,0
2013-03-23,4387,NoEvent,NoEvent,1,3,2013,0
2013-03-24,3294,NoEvent,NoEvent,2,3,2013,0
2013-03-25,2389,NoEvent,NoEvent,3,3,2013,0
2013-03-26,2117,NoEvent,NoEvent,4,3,2013,0
2013-03-27,2621,NoEvent,NoEvent,5,3,2013,0
2013-03-28,2341,NoEvent,NoEvent,6,3,2013,0
2013-03-29,2846,NoEvent,NoEvent,7,3,2013,0
2013-03-30,3315,NoEvent,NoEvent,1,3,2013,0
2013-03-31,2695,Easter,Cultural,2,3,2013,0
2013-04-01,3496,NoEvent,NoEvent,3,4,2013,2
2013-04-02,3612,Pesach End,Religious,4,4,2013,2
2013-04-03,3541,NoEvent,NoEvent,5,4,2013,3
2013-04-04,2893,NoEvent,NoEvent,6,4,2013,1
2013-04-05,3771,NoEvent,NoEvent,7,4,2013,3
2013-04-06,4289,NoEvent,NoEvent,1,4,2013,3
2013-04-07,4268,NoEvent,NoEvent,2,4,2013,2
2013-04-08,3075,NoEvent,NoEvent,3,4,2013,2
2013-04-09,3109,NoEvent,NoEvent,4,4,2013,3
2013-04-10,3172,NoEvent,NoEvent,5,4,2013,1
2013-04-11,3243,NoEvent,NoEvent,6,4,2013,2
2013-04-12,3322,NoEvent,NoEvent,7,4,2013,2
2013-04-13,4569,NoEvent,NoEvent,1,4,2013,1
2013-04-14,4249,NoEvent,NoEvent,2,4,2013,1
2013-04-15,3377,NoEvent,NoEvent,3,4,2013,2
2013-04-16,3075,NoEvent,NoEvent,4,4,2013,0
2013-04-17,2775,NoEvent,NoEvent,5,4,2013,0
2013-04-18,3141,NoEvent,NoEvent,6,4,2013,0
2013-04-19,3319,NoEvent,NoEvent,7,4,2013,0
2013-04-20,4384,NoEvent,NoEvent,1,4,2013,0
2013-04-21,3967,NoEvent,NoEvent,2,4,2013,0
2013-04-22,3319,NoEvent,NoEvent,3,4,2013,0
2013-04-23,2876,NoEvent,NoEvent,4,4,2013,0
2013-04-24,3327,NoEvent,NoEvent,5,4,2013,0
2013-04-25,3095,NoEvent,NoEvent,6,4,2013,0
2013-04-26,3522,NoEvent,NoEvent,7,4,2013,0
2013-04-27,3849,NoEvent,NoEvent,1,4,2013,0
2013-04-28,3295,NoEvent,NoEvent,2,4,2013,0
2013-04-29,2097,NoEvent,NoEvent,3,4,2013,0
2013-04-30,2471,NoEvent,NoEvent,4,4,2013,0
2013-05-01,2541,NoEvent,NoEvent,5,5,2013,2
2013-05-02,2313,NoEvent,NoEvent,6,5,2013,2
2013-05-03,2767,NoEvent,NoEvent,7,5,2013,3
2013-05-04,3072,NoEvent,NoEvent,1,5,2013,1
2013-05-05,3751,OrthodoxEaster,Religious,2,5,2013,3
2013-05-06,3109,NoEvent,NoEvent,3,5,2013,3
2013-05-07,2775,NoEvent,NoEvent,4,5,2013,2
2013-05-08,3038,NoEvent,NoEvent,5,5,2013,2
2013-05-09,3350,NoEvent,NoEvent,6,5,2013,3
2013-05-10,3581,NoEvent,NoEvent,7,5,2013,1
2013-05-11,4903,NoEvent,NoEvent,1,5,2013,2
2013-05-12,3125,Mother's day,Cultural,2,5,2013,2
2013-05-13,3249,NoEvent,NoEvent,3,5,2013,1
2013-05-14,3273,NoEvent,NoEvent,4,5,2013,1
2013-05-15,3505,NoEvent,NoEvent,5,5,2013,2
2013-05-16,3225,NoEvent,NoEvent,6,5,2013,0
2013-05-17,3395,NoEvent,NoEvent,7,5,2013,0
2013-05-18,4278,NoEvent,NoEvent,1,5,2013,0
2013-05-19,4086,NoEvent,NoEvent,2,5,2013,0
2013-05-20,3219,NoEvent,NoEvent,3,5,2013,0
2013-05-21,3089,NoEvent,NoEvent,4,5,2013,0
2013-05-22,3182,NoEvent,NoEvent,5,5,2013,0
2013-05-23,3304,NoEvent,NoEvent,6,5,2013,0
2013-05-24,3961,NoEvent,NoEvent,7,5,2013,0
2013-05-25,4191,NoEvent,NoEvent,1,5,2013,0
2013-05-26,3579,NoEvent,NoEvent,2,5,2013,0
2013-05-27,3503,MemorialDay,National,3,5,2013,0
2013-05-28,3316,NoEvent,NoEvent,4,5,2013,0
2013-05-29,3140,NoEvent,NoEvent,5,5,2013,0
2013-05-30,2920,NoEvent,NoEvent,6,5,2013,0
2013-05-31,3648,NoEvent,NoEvent,7,5,2013,0
2013-06-01,4518,NoEvent,NoEvent,1,6,2013,2
2013-06-02,4693,NoEvent,NoEvent,2,6,2013,2
2013-06-03,3934,NoEvent,NoEvent,3,6,2013,3
2013-06-04,3188,NoEvent,NoEvent,4,6,2013,1
2013-06-05,3701,NoEvent,NoEvent,5,6,2013,3
2013-06-06,3377,NBAFinalsStart,Sporting,6,6,2013,3
2013-06-07,3645,NoEvent,NoEvent,7,6,2013,2
2013-06-08,4272,NoEvent,NoEvent,1,6,2013,2
2013-06-09,4159,NoEvent,NoEvent,2,6,2013,3
2013-06-10,3338,NoEvent,NoEvent,3,6,2013,1
2013-06-11,3170,NoEvent,NoEvent,4,6,2013,2
2013-06-12,3262,NoEvent,NoEvent,5,6,2013,2
2013-06-13,3499,NoEvent,NoEvent,6,6,2013,1
2013-06-14,3644,NoEvent,NoEvent,7,6,2013,1
2013-06-15,4131,NoEvent,NoEvent,1,6,2013,2
2013-06-16,3783,Father's day,Cultural,2,6,2013,0
2013-06-17,3247,NoEvent,NoEvent,3,6,2013,0
2013-06-18,3322,NoEvent,NoEvent,4,6,2013,0
2013-06-19,3312,NoEvent,NoEvent,5,6,2013,0
2013-06-20,3367,NBAFinalsEnd,Sporting,6,6,2013,0
2013-06-21,3895,NoEvent,NoEvent,7,6,2013,0
2013-06-22,4409,NoEvent,NoEvent,1,6,2013,0
2013-06-23,3689,NoEvent,NoEvent,2,6,2013,0
2013-06-24,3478,NoEvent,NoEvent,3,6,2013,0
2013-06-25,3256,NoEvent,NoEvent,4,6,2013,0
2013-06-26,3144,NoEvent,NoEvent,5,6,2013,0
2013-06-27,3113,NoEvent,NoEvent,6,6,2013,0
2013-06-28,3365,NoEvent,NoEvent,7,6,2013,0
2013-06-29,4001,NoEvent,NoEvent,1,6,2013,0
2013-06-30,4326,NoEvent,NoEvent,2,6,2013,0
2013-07-01,3728,NoEvent,NoEvent,3,7,2013,2
2013-07-02,3188,NoEvent,NoEvent,4,7,2013,2
2013-07-03,3946,NoEvent,NoEvent,5,7,2013,3
2013-07-04,2883,IndependenceDay,National,6,7,2013,1
2013-07-05,3578,NoEvent,NoEvent,7,7,2013,3
2013-07-06,3777,NoEvent,NoEvent,1,7,2013,3
2013-07-07,3548,NoEvent,NoEvent,2,7,2013,2
2013-07-08,3044,NoEvent,NoEvent,3,7,2013,2
2013-07-09,2704,Ramadan starts,Religious,4,7,2013,3
2013-07-10,3000,NoEvent,NoEvent,5,7,2013,1
2013-07-11,3051,NoEvent,NoEvent,6,7,2013,2
2013-07-12,3532,NoEvent,NoEvent,7,7,2013,2
2013-07-13,3675,NoEvent,NoEvent,1,7,2013,1
2013-07-14,3634,NoEvent,NoEvent,2,7,2013,1
2013-07-15,3079,NoEvent,NoEvent,3,7,2013,2
2013-07-16,3257,NoEvent,NoEvent,4,7,2013,0
2013-07-17,3044,NoEvent,NoEvent,5,7,2013,0
2013-07-18,3013,NoEvent,NoEvent,6,7,2013,0
2013-07-19,3375,NoEvent,NoEvent,7,7,2013,0
2013-07-20,4373,NoEvent,NoEvent,1,7,2013,0
2013-07-21,3823,NoEvent,NoEvent,2,7,2013,0
2013-07-22,2834,NoEvent,NoEvent,3,7,2013,0
2013-07-23,3101,NoEvent,NoEvent,4,7,2013,0
2013-07-24,2835,NoEvent,NoEvent,5,7,2013,0
2013-07-25,3066,NoEvent,NoEvent,6,7,2013,0
2013-07-26,3465,NoEvent,NoEvent,7,7,2013,0
2013-07-27,3812,NoEvent,NoEvent,1,7,2013,0
2013-07-28,3508,NoEvent,NoEvent,2,7,2013,0
2013-07-29,3064,NoEvent,NoEvent,3,7,2013,0
2013-07-30,2992,NoEvent,NoEvent,4,7,2013,0
2013-07-31,3214,NoEvent,NoEvent,5,7,2013,0
2013-08-01,3540,NoEvent,NoEvent,6,8,2013,2
2013-08-02,4131,NoEvent,NoEvent,7,8,2013,2
2013-08-03,4312,NoEvent,NoEvent,1,8,2013,3
2013-08-04,3708,NoEvent,NoEvent,2,8,2013,1
2013-08-05,3546,NoEvent,NoEvent,3,8,2013,3
2013-08-06,3079,NoEvent,NoEvent,4,8,2013,3
2013-08-07,2610,NoEvent,NoEvent,5,8,2013,2
2013-08-08,2796,Eid al-Fitr,Religious,6,8,2013,2
2013-08-09,3280,NoEvent,NoEvent,7,8,2013,3
2013-08-10,3716,NoEvent,NoEvent,1,8,2013,1
2013-08-11,3458,NoEvent,NoEvent,2,8,2013,2
2013-08-12,3123,NoEvent,NoEvent,3,8,2013,2
2013-08-13,2873,NoEvent,NoEvent,4,8,2013,1
2013-08-14,2961,NoEvent,NoEvent,5,8,2013,1
2013-08-15,2904,NoEvent,NoEvent,6,8,2013,2
2013-08-16,3361,NoEvent,NoEvent,7,8,2013,0
2013-08-17,3931,NoEvent,NoEvent,1,8,2013,0
2013-08-18,3629,NoEvent,NoEvent,2,8,2013,0
2013-08-19,2867,NoEvent,NoEvent,3,8,2013,0
2013-08-20,2934,NoEvent,NoEvent,4,8,2013,0
2013-08-21,3130,NoEvent,NoEvent,5,8,2013,0
2013-08-22,2861,NoEvent,NoEvent,6,8,2013,0
2013-08-23,3566,NoEvent,NoEvent,7,8,2013,0
2013-08-24,3850,NoEvent,NoEvent,1,8,2013,0
2013-08-25,4035,NoEvent,NoEvent,2,8,2013,0
2013-08-26,2758,NoEvent,NoEvent,3,8,2013,0
2013-08-27,2823,NoEvent,NoEvent,4,8,2013,0
2013-08-28,3110,NoEvent,NoEvent,5,8,2013,0
2013-08-29,2809,NoEvent,NoEvent,6,8,2013,0
2013-08-30,3753,NoEvent,NoEvent,7,8,2013,0
2013-08-31,4115,NoEvent,NoEvent,1,8,2013,0
2013-09-01,2676,NoEvent,NoEvent,2,9,2013,2
2013-09-02,2580,LaborDay,National,3,9,2013,2
2013-09-03,2105,NoEvent,NoEvent,4,9,2013,3
2013-09-04,1955,NoEvent,NoEvent,5,9,2013,1
2013-09-05,2087,NoEvent,NoEvent,6,9,2013,3
2013-09-06,2339,NoEvent,NoEvent,7,9,2013,3
2013-09-07,2625,NoEvent,NoEvent,1,9,2013,2
2013-09-08,4095,NoEvent,NoEvent,2,9,2013,2
2013-09-09,2817,NoEvent,NoEvent,3,9,2013,3
2013-09-10,2675,NoEvent,NoEvent,4,9,2013,1
2013-09-11,2859,NoEvent,NoEvent,5,9,2013,2
2013-09-12,3028,NoEvent,NoEvent,6,9,2013,2
2013-09-13,3949,NoEvent,NoEvent,7,9,2013,1
2013-09-14,4049,NoEvent,NoEvent,1,9,2013,1
2013-09-15,4047,NoEvent,NoEvent,2,9,2013,2
2013-09-16,2946,NoEvent,NoEvent,3,9,2013,0
2013-09-17,2937,NoEvent,NoEvent,4,9,2013,0
2013-09-18,2764,NoEvent,NoEvent,5,9,2013,0
2013-09-19,2713,NoEvent,NoEvent,6,9,2013,0
2013-09-20,3495,NoEvent,NoEvent,7,9,2013,0
2013-09-21,4349,NoEvent,NoEvent,1,9,2013,0
2013-09-22,3972,NoEvent,NoEvent,2,9,2013,0
2013-09-23,3243,NoEvent,NoEvent,3,9,2013,0
2013-09-24,3077,NoEvent,NoEvent,4,9,2013,0
2013-09-25,2947,NoEvent,NoEvent,5,9,2013,0
2013-09-26,2926,NoEvent,NoEvent,6,9,2013,0
2013-09-27,3538,NoEvent,NoEvent,7,9,2013,0
2013-09-28,4511,NoEvent,NoEvent,1,9,2013,0
2013-09-29,4012,NoEvent,NoEvent,2,9,2013,0
2013-09-30,3334,NoEvent,NoEvent,3,9,2013,0
2013-10-01,3685,NoEvent,NoEvent,4,10,2013,2
2013-10-02,3446,NoEvent,NoEvent,5,10,2013,2
2013-10-03,3750,NoEvent,NoEvent,6,10,2013,3
2013-10-04,3907,NoEvent,NoEvent,7,10,2013,1
2013-10-05,4104,NoEvent,NoEvent,1,10,2013,3
2013-10-06,4096,NoEvent,NoEvent,2,10,2013,3
2013-10-07,3262,NoEvent,NoEvent,3,10,2013,2
2013-10-08,3310,NoEvent,NoEvent,4,10,2013,2
2013-10-09,3023,NoEvent,NoEvent,5,10,2013,3
2013-10-10,3358,NoEvent,NoEvent,6,10,2013,1
2013-10-11,3492,NoEvent,NoEvent,7,10,2013,2
2013-10-12,4455,NoEvent,NoEvent,1,10,2013,2
2013-10-13,4164,NoEvent,NoEvent,2,10,2013,1
2013-10-14,3472,ColumbusDay,National,3,10,2013,1
2013-10-15,2892,EidAlAdha,Religious,4,10,2013,2
2013-10-16,3262,NoEvent,NoEvent,5,10,2013,0
2013-10-17,3152,NoEvent,NoEvent,6,10,2013,0
2013-10-18,3756,NoEvent,NoEvent,7,10,2013,0
2013-10-19,4242,NoEvent,NoEvent,1,10,2013,0
2013-10-20,4211,NoEvent,NoEvent,2,10,2013,0
2013-10-21,3059,NoEvent,NoEvent,3,10,2013,0
2013-10-22,3236,NoEvent,NoEvent,4,10,2013,0
2013-10-23,3572,NoEvent,NoEvent,5,10,2013,0
2013-10-24,3235,NoEvent,NoEvent,6,10,2013,0
2013-10-25,3476,NoEvent,NoEvent,7,10,2013,0
2013-10-26,4571,NoEvent,NoEvent,1,10,2013,0
2013-10-27,4066,NoEvent,NoEvent,2,10,2013,0
2013-10-28,3273,NoEvent,NoEvent,3,10,2013,0
2013-10-29,3198,NoEvent,NoEvent,4,10,2013,0
2013-10-30,3394,NoEvent,NoEvent,5,10,2013,0
2013-10-31,2588,Halloween,Cultural,6,10,2013,0
2013-11-01,4337,NoEvent,NoEvent,7,11,2013,2
2013-11-02,4350,NoEvent,NoEvent,1,11,2013,2
2013-11-03,4429,NoEvent,NoEvent,2,11,2013,3
2013-11-04,3014,NoEvent,NoEvent,3,11,2013,1
2013-11-05,3178,NoEvent,NoEvent,4,11,2013,3
2013-11-06,2982,NoEvent,NoEvent,5,11,2013,3
2013-11-07,3250,NoEvent,NoEvent,6,11,2013,2
2013-11-08,3208,NoEvent,NoEvent,7,11,2013,2
2013-11-09,4227,NoEvent,NoEvent,1,11,2013,3
2013-11-10,4065,NoEvent,NoEvent,2,11,2013,1
2013-11-11,3202,VeteransDay,National,3,11,2013,2
2013-11-12,3063,NoEvent,NoEvent,4,11,2013,2
2013-11-13,3034,NoEvent,NoEvent,5,11,2013,1
2013-11-14,3325,NoEvent,NoEvent,6,11,2013,1
2013-11-15,3898,NoEvent,NoEvent,7,11,2013,2
2013-11-16,4446,NoEvent,NoEvent,1,11,2013,0
2013-11-17,3969,NoEvent,NoEvent,2,11,2013,0
2013-11-18,3286,NoEvent,NoEvent,3,11,2013,0
2013-11-19,3277,NoEvent,NoEvent,4,11,2013,0
2013-11-20,3296,NoEvent,NoEvent,5,11,2013,0
2013-11-21,3052,NoEvent,NoEvent,6,11,2013,0
2013-11-22,3742,NoEvent,NoEvent,7,11,2013,0
2013-11-23,4127,NoEvent,NoEvent,1,11,2013,0
2013-11-24,4243,NoEvent,NoEvent,2,11,2013,0
2013-11-25,3205,NoEvent,NoEvent,3,11,2013,0
2013-11-26,3347,NoEvent,NoEvent,4,11,2013,0
2013-11-27,3593,NoEvent,NoEvent,5,11,2013,0
2013-11-28,1424,Thanksgiving,National,6,11,2013,0
2013-11-29,2704,NoEvent,NoEvent,7,11,2013,0
2013-11-30,3604,NoEvent,NoEvent,1,11,2013,0
2013-12-01,3921,NoEvent,NoEvent,2,12,2013,2
2013-12-02,3645,NoEvent,NoEvent,3,12,2013,2
2013-12-03,3934,NoEvent,NoEvent,4,12,2013,3
2013-12-04,3426,NoEvent,NoEvent,5,12,2013,1
2013-12-05,3590,Chanukah End,Religious,6,12,2013,3
2013-12-06,3667,NoEvent,NoEvent,7,12,2013,3
2013-12-07,4133,NoEvent,NoEvent,1,12,2013,2
2013-12-08,3666,NoEvent,NoEvent,2,12,2013,2
2013-12-09,3092,NoEvent,NoEvent,3,12,2013,3
2013-12-10,3288,NoEvent,NoEvent,4,12,2013,1
2013-12-11,2877,NoEvent,NoEvent,5,12,2013,2
2013-12-12,3284,NoEvent,NoEvent,6,12,2013,2
2013-12-13,3881,NoEvent,NoEvent,7,12,2013,1
2013-12-14,4114,NoEvent,NoEvent,1,12,2013,1
2013-12-15,3673,NoEvent,NoEvent,2,12,2013,2
2013-12-16,3277,NoEvent,NoEvent,3,12,2013,0
2013-12-17,3130,NoEvent,NoEvent,4,12,2013,0
2013-12-18,3829,NoEvent,NoEvent,5,12,2013,0
2013-12-19,3403,NoEvent,NoEvent,6,12,2013,0
2013-12-20,3609,NoEvent,NoEvent,7,12,2013,0
2013-12-21,4507,NoEvent,NoEvent,1,12,2013,0
2013-12-22,3709,NoEvent,NoEvent,2,12,2013,0
2013-12-23,3552,NoEvent,NoEvent,3,12,2013,0
2013-12-24,2722,NoEvent,NoEvent,4,12,2013,0
2013-12-25,0,Christmas,National,5,12,2013,0
2013-12-26,3646,NoEvent,NoEvent,6,12,2013,0
2013-12-27,3833,NoEvent,NoEvent,7,12,2013,0
2013-12-28,3645,NoEvent,NoEvent,1,12,2013,0
2013-12-29,3251,NoEvent,NoEvent,2,12,2013,0
2013-12-30,3327,NoEvent,NoEvent,3,12,2013,0
2013-12-31,2804,NoEvent,NoEvent,4,12,2013,0
2014-01-01,2038,NewYear,National,5,1,2014,2
2014-01-02,3633,NoEvent,NoEvent,6,1,2014,2
2014-01-03,3985,NoEvent,NoEvent,7,1,2014,3
2014-01-04,4329,NoEvent,NoEvent,1,1,2014,1
2014-01-05,3707,NoEvent,NoEvent,2,1,2014,3
2014-01-06,2922,NoEvent,NoEvent,3,1,2014,3
2014-01-07,2845,OrthodoxChristmas,Religious,4,1,2014,2
2014-01-08,3073,NoEvent,NoEvent,5,1,2014,2
2014-01-09,3165,NoEvent,NoEvent,6,1,2014,3
2014-01-10,3147,NoEvent,NoEvent,7,1,2014,1
2014-01-11,4205,NoEvent,NoEvent,1,1,2014,2
2014-01-12,3815,NoEvent,NoEvent,2,1,2014,2
2014-01-13,3501,NoEvent,NoEvent,3,1,2014,1
2014-01-14,2775,NoEvent,NoEvent,4,1,2014,1
2014-01-15,3002,NoEvent,NoEvent,5,1,2014,2
2014-01-16,2863,NoEvent,NoEvent,6,1,2014,0
2014-01-17,3787,NoEvent,NoEvent,7,1,2014,0
2014-01-18,4285,NoEvent,NoEvent,1,1,2014,0
2014-01-19,3635,NoEvent,NoEvent,2,1,2014,0
2014-01-20,3268,MartinLutherKingDay,National,3,1,2014,0
2014-01-21,2687,NoEvent,NoEvent,4,1,2014,0
2014-01-22,3310,NoEvent,NoEvent,5,1,2014,0
2014-01-23,2741,NoEvent,NoEvent,6,1,2014,0
2014-01-24,3008,NoEvent,NoEvent,7,1,2014,0
2014-01-25,3972,NoEvent,NoEvent,1,1,2014,0
2014-01-26,3798,NoEvent,NoEvent,2,1,2014,0
2014-01-27,3147,NoEvent,NoEvent,3,1,2014,0
2014-01-28,2253,NoEvent,NoEvent,4,1,2014,0
2014-01-29,2474,NoEvent,NoEvent,5,1,2014,0
2014-01-30,3062,NoEvent,NoEvent,6,1,2014,0
2014-01-31,4375,NoEvent,NoEvent,7,1,2014,0
2014-02-01,4261,NoEvent,NoEvent,1,2,2014,2
2014-02-02,3506,SuperBowl,Sporting,2,2,2014,2
2014-02-03,3558,NoEvent,NoEvent,3,2,2014,3
2014-02-04,3254,NoEvent,NoEvent,4,2,2014,1
2014-02-05,3011,NoEvent,NoEvent,5,2,2014,3
2014-02-06,3112,NoEvent,NoEvent,6,2,2014,3
2014-02-07,3483,NoEvent,NoEvent,7,2,2014,2
2014-02-08,4365,NoEvent,NoEvent,1,2,2014,2
2014-02-09,3555,NoEvent,NoEvent,2,2,2014,3
2014-02-10,2893,NoEvent,NoEvent,3,2,2014,1
2014-02-11,3092,NoEvent,NoEvent,4,2,2014,2
2014-02-12,3182,NoEvent,NoEvent,5,2,2014,2
2014-02-13,2989,NoEvent,NoEvent,6,2,2014,1
2014-02-14,3148,ValentinesDay,Cultural,7,2,2014,1
2014-02-15,4291,NoEvent,NoEvent,1,2,2014,2
2014-02-16,3536,NoEvent,NoEvent,2,2,2014,0
2014-02-17,3015,PresidentsDay,National,3,2,2014,0
2014-02-18,2768,NoEvent,NoEvent,4,2,2014,0
2014-02-19,2681,NoEvent,NoEvent,5,2,2014,0
2014-02-20,2914,NoEvent,NoEvent,6,2,2014,0
2014-02-21,3261,NoEvent,NoEvent,7,2,2014,0
2014-02-22,3910,NoEvent,NoEvent,1,2,2014,0
2014-02-23,3589,NoEvent,NoEvent,2,2,2014,0
2014-02-24,2913,NoEvent,NoEvent,3,2,2014,0
2014-02-25,2959,NoEvent,NoEvent,4,2,2014,0
2014-02-26,2696,NoEvent,NoEvent,5,2,2014,0
2014-02-27,2728,NoEvent,NoEvent,6,2,2014,0
2014-02-28,3314,NoEvent,NoEvent,7,2,2014,0
2014-03-01,4261,NoEvent,NoEvent,1,3,2014,2
2014-03-02,4007,NoEvent,NoEvent,2,3,2014,2
2014-03-03,3418,NoEvent,NoEvent,3,3,2014,3
2014-03-04,2675,NoEvent,NoEvent,4,3,2014,1
2014-03-05,2756,LentStart,Religious,5,3,2014,3
2014-03-06,3166,NoEvent,NoEvent,6,3,2014,3
2014-03-07,3246,NoEvent,NoEvent,7,3,2014,2
2014-03-08,3967,NoEvent,NoEvent,1,3,2014,2
2014-03-09,3678,NoEvent,NoEvent,2,3,2014,3
2014-03-10,3011,NoEvent,NoEvent,3,3,2014,1
2014-03-11,2581,NoEvent,NoEvent,4,3,2014,2
2014-03-12,3050,LentWeek2,Religious,5,3,2014,2
2014-03-13,2842,NoEvent,NoEvent,6,3,2014,1
2014-03-14,3486,NoEvent,NoEvent,7,3,2014,1
2014-03-15,3880,NoEvent,NoEvent,1,3,2014,2
2014-03-16,3766,Purim End,Religious,2,3,2014,0
2014-03-17,2952,StPatricksDay,Cultural,3,3,2014,0
2014-03-18,2772,NoEvent,NoEvent,4,3,2014,0
2014-03-19,2745,NoEvent,NoEvent,5,3,2014,0
2014-03-20,2565,NoEvent,NoEvent,6,3,2014,0
2014-03-21,3093,NoEvent,NoEvent,7,3,2014,0
2014-03-22,3970,NoEvent,NoEvent,1,3,2014,0
2014-03-23,3828,NoEvent,NoEvent,2,3,2014,0
2014-03-24,2817,NoEvent,NoEvent,3,3,2014,0
2014-03-25,2445,NoEvent,NoEvent,4,3,2014,0
2014-03-26,2735,NoEvent,NoEvent,5,3,2014,0
2014-03-27,3102,NoEvent,NoEvent,6,3,2014,0
2014-03-28,3212,NoEvent,NoEvent,7,3,2014,0
2014-03-29,3926,NoEvent,NoEvent,1,3,2014,0
2014-03-30,3683,NoEvent,NoEvent,2,3,2014,0
2014-03-31,2930,NoEvent,NoEvent,3,3,2014,0
2014-04-01,3100,NoEvent,NoEvent,4,4,2014,2
2014-04-02,2854,NoEvent,NoEvent,5,4,2014,2
2014-04-03,3178,NoEvent,NoEvent,6,4,2014,3
2014-04-04,3218,NoEvent,NoEvent,7,4,2014,1
2014-04-05,3963,NoEvent,NoEvent,1,4,2014,3
2014-04-06,3548,NoEvent,NoEvent,2,4,2014,3
2014-04-07,2992,NoEvent,NoEvent,3,4,2014,2
2014-04-08,2731,NoEvent,NoEvent,4,4,2014,2
2014-04-09,2881,NoEvent,NoEvent,5,4,2014,3
2014-04-10,2765,NoEvent,NoEvent,6,4,2014,1
2014-04-11,3447,NoEvent,NoEvent,7,4,2014,2
2014-04-12,3821,NoEvent,NoEvent,1,4,2014,2
2014-04-13,3497,NoEvent,NoEvent,2,4,2014,1
2014-04-14,2723,NoEvent,NoEvent,3,4,2014,1
2014-04-15,2844,NoEvent,NoEvent,4,4,2014,2
2014-04-16,2873,NoEvent,NoEvent,5,4,2014,0
2014-04-17,2953,NoEvent,NoEvent,6,4,2014,0
2014-04-18,3385,NoEvent,NoEvent,7,4,2014,0
2014-04-19,4210,NoEvent,NoEvent,1,4,2014,0
2014-04-20,2990,Easter,Cultural,2,4,2014,0
2014-04-21,2961,NoEvent,NoEvent,3,4,2014,0
2014-04-22,2991,Pesach End,Religious,4,4,2014,0
2014-04-23,3165,NoEvent,NoEvent,5,4,2014,0
2014-04-24,3106,NoEvent,NoEvent,6,4,2014,0
2014-04-25,3151,NoEvent,NoEvent,7,4,2014,0
2014-04-26,4018,NoEvent,NoEvent,1,4,2014,0
2014-04-27,3399,NoEvent,NoEvent,2,4,2014,0
2014-04-28,2735,NoEvent,NoEvent,3,4,2014,0
2014-04-29,2634,NoEvent,NoEvent,4,4,2014,0
2014-04-30,2677,NoEvent,NoEvent,5,4,2014,0
2014-05-01,2944,NoEvent,NoEvent,6,5,2014,2
2014-05-02,3498,NoEvent,NoEvent,7,5,2014,2
2014-05-03,4079,NoEvent,NoEvent,1,5,2014,3
2014-05-04,3727,NoEvent,NoEvent,2,5,2014,1
2014-05-05,2938,Cinco De Mayo,Cultural,3,5,2014,3
2014-05-06,2838,NoEvent,NoEvent,4,5,2014,3
2014-05-07,2921,NoEvent,NoEvent,5,5,2014,2
2014-05-08,2957,NoEvent,NoEvent,6,5,2014,2
2014-05-09,3343,NoEvent,NoEvent,7,5,2014,3
2014-05-10,3910,NoEvent,NoEvent,1,5,2014,1
2014-05-11,3361,Mother's day,Cultural,2,5,2014,2
2014-05-12,2787,NoEvent,NoEvent,3,5,2014,2
2014-05-13,2995,NoEvent,NoEvent,4,5,2014,1
2014-05-14,2752,NoEvent,NoEvent,5,5,2014,1
2014-05-15,2838,NoEvent,NoEvent,6,5,2014,2
2014-05-16,3315,NoEvent,NoEvent,7,5,2014,0
2014-05-17,3802,NoEvent,NoEvent,1,5,2014,0
2014-05-18,3784,NoEvent,NoEvent,2,5,2014,0
2014-05-19,3004,NoEvent,NoEvent,3,5,2014,0
2014-05-20,3015,NoEvent,NoEvent,4,5,2014,0
2014-05-21,2867,NoEvent,NoEvent,5,5,2014,0
2014-05-22,2987,NoEvent,NoEvent,6,5,2014,0
2014-05-23,3349,NoEvent,NoEvent,7,5,2014,0
2014-05-24,3584,NoEvent,NoEvent,1,5,2014,0
2014-05-25,3292,NoEvent,NoEvent,2,5,2014,0
2014-05-26,2845,MemorialDay,National,3,5,2014,0
2014-05-27,2998,NoEvent,NoEvent,4,5,2014,0
2014-05-28,2909,NoEvent,NoEvent,5,5,2014,0
2014-05-29,2714,NoEvent,NoEvent,6,5,2014,0
2014-05-30,3633,NoEvent,NoEvent,7,5,2014,0
2014-05-31,3832,NoEvent,NoEvent,1,5,2014,0
2014-06-01,4128,NoEvent,NoEvent,2,6,2014,2
2014-06-02,3199,NoEvent,NoEvent,3,6,2014,2
2014-06-03,3524,NoEvent,NoEvent,4,6,2014,3
2014-06-04,3108,NoEvent,NoEvent,5,6,2014,1
2014-06-05,3071,NBAFinalsStart,Sporting,6,6,2014,3
2014-06-06,3214,NoEvent,NoEvent,7,6,2014,3
2014-06-07,3759,NoEvent,NoEvent,1,6,2014,2
2014-06-08,3641,NoEvent,NoEvent,2,6,2014,2
2014-06-09,2798,NoEvent,NoEvent,3,6,2014,3
2014-06-10,2984,NoEvent,NoEvent,4,6,2014,1
2014-06-11,2896,NoEvent,NoEvent,5,6,2014,2
2014-06-12,3157,NoEvent,NoEvent,6,6,2014,2
2014-06-13,3540,NoEvent,NoEvent,7,6,2014,1
2014-06-14,3950,NoEvent,NoEvent,1,6,2014,1
2014-06-15,3276,NBAFinalsEnd,Sporting,2,6,2014,2
2014-06-16,3177,NoEvent,NoEvent,3,6,2014,0
2014-06-17,2990,NoEvent,NoEvent,4,6,2014,0
2014-06-18,2974,NoEvent,NoEvent,5,6,2014,0
2014-06-19,2899,NoEvent,NoEvent,6,6,2014,0
2014-06-20,3423,NoEvent,NoEvent,7,6,2014,0
2014-06-21,4083,NoEvent,NoEvent,1,6,2014,0
2014-06-22,3612,NoEvent,NoEvent,2,6,2014,0
2014-06-23,3180,NoEvent,NoEvent,3,6,2014,0
2014-06-24,2924,NoEvent,NoEvent,4,6,2014,0
2014-06-25,2806,NoEvent,NoEvent,5,6,2014,0
2014-06-26,2803,NoEvent,NoEvent,6,6,2014,0
2014-06-27,3572,NoEvent,NoEvent,7,6,2014,0
2014-06-28,3709,NoEvent,NoEvent,1,6,2014,0
2014-06-29,3513,Ramadan starts,Religious,2,6,2014,0
2014-06-30,3105,NoEvent,NoEvent,3,6,2014,0
2014-07-01,3478,NoEvent,NoEvent,4,7,2014,2
2014-07-02,3264,NoEvent,NoEvent,5,7,2014,2
2014-07-03,4041,NoEvent,NoEvent,6,7,2014,3
2014-07-04,2983,IndependenceDay,National,7,7,2014,1
2014-07-05,3466,NoEvent,NoEvent,1,7,2014,3
2014-07-06,3629,NoEvent,NoEvent,2,7,2014,3
2014-07-07,2918,NoEvent,NoEvent,3,7,2014,2
2014-07-08,2966,NoEvent,NoEvent,4,7,2014,2
2014-07-09,2856,NoEvent,NoEvent,5,7,2014,3
2014-07-10,2864,NoEvent,NoEvent,6,7,2014,1
2014-07-11,3197,NoEvent,NoEvent,7,7,2014,2
2014-07-12,3876,NoEvent,NoEvent,1,7,2014,2
2014-07-13,3488,NoEvent,NoEvent,2,7,2014,1
2014-07-14,2976,NoEvent,NoEvent,3,7,2014,1
2014-07-15,2869,NoEvent,NoEvent,4,7,2014,2
2014-07-16,3238,NoEvent,NoEvent,5,7,2014,0
2014-07-17,2851,NoEvent,NoEvent,6,7,2014,0
2014-07-18,3339,NoEvent,NoEvent,7,7,2014,0
2014-07-19,3807,NoEvent,NoEvent,1,7,2014,0
2014-07-20,3567,NoEvent,NoEvent,2,7,2014,0
2014-07-21,2789,NoEvent,NoEvent,3,7,2014,0
2014-07-22,2752,NoEvent,NoEvent,4,7,2014,0
2014-07-23,2742,NoEvent,NoEvent,5,7,2014,0
2014-07-24,2627,NoEvent,NoEvent,6,7,2014,0
2014-07-25,3136,NoEvent,NoEvent,7,7,2014,0
2014-07-26,3523,NoEvent,NoEvent,1,7,2014,0
2014-07-27,3577,NoEvent,NoEvent,2,7,2014,0
2014-07-28,2794,NoEvent,NoEvent,3,7,2014,0
2014-07-29,2740,Eid al-Fitr,Religious,4,7,2014,0
2014-07-30,2675,NoEvent,NoEvent,5,7,2014,0
2014-07-31,3038,NoEvent,NoEvent,6,7,2014,0
2014-08-01,4122,NoEvent,NoEvent,7,8,2014,2
2014-08-02,4074,NoEvent,NoEvent,1,8,2014,2
2014-08-03,3977,NoEvent,NoEvent,2,8,2014,3
2014-08-04,3040,NoEvent,NoEvent,3,8,2014,1
2014-08-05,2794,NoEvent,NoEvent,4,8,2014,3
2014-08-06,2894,NoEvent,NoEvent,5,8,2014,3
2014-08-07,2972,NoEvent,NoEvent,6,8,2014,2
2014-08-08,3056,NoEvent,NoEvent,7,8,2014,2
2014-08-09,3604,NoEvent,NoEvent,1,8,2014,3
2014-08-10,3576,NoEvent,NoEvent,2,8,2014,1
2014-08-11,2823,NoEvent,NoEvent,3,8,2014,2
2014-08-12,3134,NoEvent,NoEvent,4,8,2014,2
2014-08-13,2775,NoEvent,NoEvent,5,8,2014,1
2014-08-14,2958,NoEvent,NoEvent,6,8,2014,1
2014-08-15,3247,NoEvent,NoEvent,7,8,2014,2
2014-08-16,3575,NoEvent,NoEvent,1,8,2014,0
2014-08-17,3449,NoEvent,NoEvent,2,8,2014,0
2014-08-18,2948,NoEvent,NoEvent,3,8,2014,0
2014-08-19,2699,NoEvent,NoEvent,4,8,2014,0
2014-08-20,2656,NoEvent,NoEvent,5,8,2014,0
2014-08-21,2747,NoEvent,NoEvent,6,8,2014,0
2014-08-22,3071,NoEvent,NoEvent,7,8,2014,0
2014-08-23,3518,NoEvent,NoEvent,1,8,2014,0
2014-08-24,3634,NoEvent,NoEvent,2,8,2014,0
2014-08-25,2843,NoEvent,NoEvent,3,8,2014,0
2014-08-26,2738,NoEvent,NoEvent,4,8,2014,0
2014-08-27,2646,NoEvent,NoEvent,5,8,2014,0
2014-08-28,2749,NoEvent,NoEvent,6,8,2014,0
2014-08-29,3238,NoEvent,NoEvent,7,8,2014,0
2014-08-30,3735,NoEvent,NoEvent,1,8,2014,0
2014-08-31,3343,NoEvent,NoEvent,2,8,2014,0
2014-09-01,3343,LaborDay,National,3,9,2014,2
2014-09-02,2941,NoEvent,NoEvent,4,9,2014,2
2014-09-03,2998,NoEvent,NoEvent,5,9,2014,3
2014-09-04,2681,NoEvent,NoEvent,6,9,2014,1
2014-09-05,3428,NoEvent,NoEvent,7,9,2014,3
2014-09-06,3590,NoEvent,NoEvent,1,9,2014,3
2014-09-07,3432,NoEvent,NoEvent,2,9,2014,2
2014-09-08,2685,NoEvent,NoEvent,3,9,2014,2
2014-09-09,2795,NoEvent,NoEvent,4,9,2014,3
2014-09-10,2657,NoEvent,NoEvent,5,9,2014,1
2014-09-11,2733,NoEvent,NoEvent,6,9,2014,2
2014-09-12,3233,NoEvent,NoEvent,7,9,2014,2
2014-09-13,3849,NoEvent,NoEvent,1,9,2014,1
2014-09-14,3434,NoEvent,NoEvent,2,9,2014,1
2014-09-15,2615,NoEvent,NoEvent,3,9,2014,2
2014-09-16,2595,NoEvent,NoEvent,4,9,2014,0
2014-09-17,2775,NoEvent,NoEvent,5,9,2014,0
2014-09-18,2588,NoEvent,NoEvent,6,9,2014,0
2014-09-19,3071,NoEvent,NoEvent,7,9,2014,0
2014-09-20,3954,NoEvent,NoEvent,1,9,2014,0
2014-09-21,3675,NoEvent,NoEvent,2,9,2014,0
2014-09-22,2414,NoEvent,NoEvent,3,9,2014,0
2014-09-23,2554,NoEvent,NoEvent,4,9,2014,0
2014-09-24,2553,NoEvent,NoEvent,5,9,2014,0
2014-09-25,2887,NoEvent,NoEvent,6,9,2014,0
2014-09-26,2996,NoEvent,NoEvent,7,9,2014,0
2014-09-27,3607,NoEvent,NoEvent,1,9,2014,0
2014-09-28,3542,NoEvent,NoEvent,2,9,2014,0
2014-09-29,2691,NoEvent,NoEvent,3,9,2014,0
2014-09-30,2776,NoEvent,NoEvent,4,9,2014,0
2014-10-01,3376,NoEvent,NoEvent,5,10,2014,2
2014-10-02,2880,NoEvent,NoEvent,6,10,2014,2
2014-10-03,3648,NoEvent,NoEvent,7,10,2014,3
2014-10-04,4251,EidAlAdha,Religious,1,10,2014,1
2014-10-05,3569,NoEvent,NoEvent,2,10,2014,3
2014-10-06,3435,NoEvent,NoEvent,3,10,2014,3
2014-10-07,2689,NoEvent,NoEvent,4,10,2014,2
2014-10-08,3023,NoEvent,NoEvent,5,10,2014,2
2014-10-09,2730,NoEvent,NoEvent,6,10,2014,3
2014-10-10,3442,NoEvent,NoEvent,7,10,2014,1
2014-10-11,3947,NoEvent,NoEvent,1,10,2014,2
2014-10-12,3624,NoEvent,NoEvent,2,10,2014,2
2014-10-13,2893,ColumbusDay,National,3,10,2014,1
2014-10-14,2994,NoEvent,NoEvent,4,10,2014,1
2014-10-15,3296,NoEvent,NoEvent,5,10,2014,2
2014-10-16,3051,NoEvent,NoEvent,6,10,2014,0
2014-10-17,3577,NoEvent,NoEvent,7,10,2014,0
2014-10-18,4389,NoEvent,NoEvent,1,10,2014,0
2014-10-19,3805,NoEvent,NoEvent,2,10,2014,0
2014-10-20,3076,NoEvent,NoEvent,3,10,2014,0
2014-10-21,3310,NoEvent,NoEvent,4,10,2014,0
2014-10-22,3109,NoEvent,NoEvent,5,10,2014,0
2014-10-23,2942,NoEvent,NoEvent,6,10,2014,0
2014-10-24,3461,NoEvent,NoEvent,7,10,2014,0
2014-10-25,4312,NoEvent,NoEvent,1,10,2014,0
2014-10-26,3788,NoEvent,NoEvent,2,10,2014,0
2014-10-27,3321,NoEvent,NoEvent,3,10,2014,0
2014-10-28,3267,NoEvent,NoEvent,4,10,2014,0
2014-10-29,3122,NoEvent,NoEvent,5,10,2014,0
2014-10-30,3469,NoEvent,NoEvent,6,10,2014,0
2014-10-31,3451,Halloween,Cultural,7,10,2014,0
2014-11-01,4592,NoEvent,NoEvent,1,11,2014,2
2014-11-02,3797,NoEvent,NoEvent,2,11,2014,2
2014-11-03,3510,NoEvent,NoEvent,3,11,2014,3
2014-11-04,3276,NoEvent,NoEvent,4,11,2014,1
2014-11-05,2570,NoEvent,NoEvent,5,11,2014,3
2014-11-06,2973,NoEvent,NoEvent,6,11,2014,3
2014-11-07,3382,NoEvent,NoEvent,7,11,2014,2
2014-11-08,3917,NoEvent,NoEvent,1,11,2014,2
2014-11-09,3805,NoEvent,NoEvent,2,11,2014,3
2014-11-10,2971,NoEvent,NoEvent,3,11,2014,1
2014-11-11,3200,VeteransDay,National,4,11,2014,2
2014-11-12,2760,NoEvent,NoEvent,5,11,2014,2
2014-11-13,2766,NoEvent,NoEvent,6,11,2014,1
2014-11-14,3460,NoEvent,NoEvent,7,11,2014,1
2014-11-15,4372,NoEvent,NoEvent,1,11,2014,2
2014-11-16,3878,NoEvent,NoEvent,2,11,2014,0
2014-11-17,3221,NoEvent,NoEvent,3,11,2014,0
2014-11-18,2921,NoEvent,NoEvent,4,11,2014,0
2014-11-19,3134,NoEvent,NoEvent,5,11,2014,0
2014-11-20,2940,NoEvent,NoEvent,6,11,2014,0
2014-11-21,3572,NoEvent,NoEvent,7,11,2014,0
2014-11-22,4267,NoEvent,NoEvent,1,11,2014,0
2014-11-23,3763,NoEvent,NoEvent,2,11,2014,0
2014-11-24,2994,NoEvent,NoEvent,3,11,2014,0
2014-11-25,3161,NoEvent,NoEvent,4,11,2014,0
2014-11-26,3401,NoEvent,NoEvent,5,11,2014,0
2014-11-27,1525,Thanksgiving,National,6,11,2014,0
2014-11-28,2709,NoEvent,NoEvent,7,11,2014,0
2014-11-29,3609,NoEvent,NoEvent,1,11,2014,0
2014-11-30,3250,NoEvent,NoEvent,2,11,2014,0
2014-12-01,3964,NoEvent,NoEvent,3,12,2014,2
2014-12-02,3264,NoEvent,NoEvent,4,12,2014,2
2014-12-03,3351,NoEvent,NoEvent,5,12,2014,3
2014-12-04,3241,NoEvent,NoEvent,6,12,2014,1
2014-12-05,3545,NoEvent,NoEvent,7,12,2014,3
2014-12-06,4451,NoEvent,NoEvent,1,12,2014,3
2014-12-07,4006,NoEvent,NoEvent,2,12,2014,2
2014-12-08,2920,NoEvent,NoEvent,3,12,2014,2
2014-12-09,3352,NoEvent,NoEvent,4,12,2014,3
2014-12-10,3365,NoEvent,NoEvent,5,12,2014,1
2014-12-11,2260,NoEvent,NoEvent,6,12,2014,2
2014-12-12,3351,NoEvent,NoEvent,7,12,2014,2
2014-12-13,4026,NoEvent,NoEvent,1,12,2014,1
2014-12-14,3993,NoEvent,NoEvent,2,12,2014,1
2014-12-15,3185,NoEvent,NoEvent,3,12,2014,2
2014-12-16,3125,NoEvent,NoEvent,4,12,2014,0
2014-12-17,3011,NoEvent,NoEvent,5,12,2014,0
2014-12-18,3138,NoEvent,NoEvent,6,12,2014,0
2014-12-19,3322,NoEvent,NoEvent,7,12,2014,0
2014-12-20,4347,NoEvent,NoEvent,1,12,2014,0
2014-12-21,3893,NoEvent,NoEvent,2,12,2014,0
2014-12-22,3454,NoEvent,NoEvent,3,12,2014,0
2014-12-23,3620,NoEvent,NoEvent,4,12,2014,0
2014-12-24,2564,Chanukah End,Religious,5,12,2014,0
2014-12-25,0,Christmas,National,6,12,2014,0
2014-12-26,3601,NoEvent,NoEvent,7,12,2014,0
2014-12-27,3542,NoEvent,NoEvent,1,12,2014,0
2014-12-28,3049,NoEvent,NoEvent,2,12,2014,0
2014-12-29,3195,NoEvent,NoEvent,3,12,2014,0
2014-12-30,2928,NoEvent,NoEvent,4,12,2014,0
2014-12-31,3048,NoEvent,NoEvent,5,12,2014,0
2015-01-01,2579,NewYear,National,6,1,2015,2
2015-01-02,4362,NoEvent,NoEvent,7,1,2015,2
2015-01-03,3540,NoEvent,NoEvent,1,1,2015,3
2015-01-04,3482,NoEvent,NoEvent,2,1,2015,1
2015-01-05,3034,NoEvent,NoEvent,3,1,2015,3
2015-01-06,2862,NoEvent,NoEvent,4,1,2015,3
2015-01-07,2559,OrthodoxChristmas,Religious,5,1,2015,2
2015-01-08,2541,NoEvent,NoEvent,6,1,2015,2
2015-01-09,3210,NoEvent,NoEvent,7,1,2015,3
2015-01-10,4103,NoEvent,NoEvent,1,1,2015,1
2015-01-11,3389,NoEvent,NoEvent,2,1,2015,2
2015-01-12,2948,NoEvent,NoEvent,3,1,2015,2
2015-01-13,2886,NoEvent,NoEvent,4,1,2015,1
2015-01-14,2651,NoEvent,NoEvent,5,1,2015,1
2015-01-15,2890,NoEvent,NoEvent,6,1,2015,2
2015-01-16,3308,NoEvent,NoEvent,7,1,2015,0
2015-01-17,4250,NoEvent,NoEvent,1,1,2015,0
2015-01-18,3655,NoEvent,NoEvent,2,1,2015,0
2015-01-19,3320,MartinLutherKingDay,National,3,1,2015,0
2015-01-20,2769,NoEvent,NoEvent,4,1,2015,0
2015-01-21,2966,NoEvent,NoEvent,5,1,2015,0
2015-01-22,2723,NoEvent,NoEvent,6,1,2015,0
2015-01-23,3248,NoEvent,NoEvent,7,1,2015,0
2015-01-24,4280,NoEvent,NoEvent,1,1,2015,0
2015-01-25,4181,NoEvent,NoEvent,2,1,2015,0
2015-01-26,3196,NoEvent,NoEvent,3,1,2015,0
2015-01-27,2792,NoEvent,NoEvent,4,1,2015,0
2015-01-28,2822,NoEvent,NoEvent,5,1,2015,0
2015-01-29,3253,NoEvent,NoEvent,6,1,2015,0
2015-01-30,4163,NoEvent,NoEvent,7,1,2015,0
2015-01-31,5183,NoEvent,NoEvent,1,1,2015,0
2015-02-01,3576,SuperBowl,Sporting,2,2,2015,2
2015-02-02,3132,NoEvent,NoEvent,3,2,2015,2
2015-02-03,3716,NoEvent,NoEvent,4,2,2015,3
2015-02-04,3419,NoEvent,NoEvent,5,2,2015,1
2015-02-05,3795,NoEvent,NoEvent,6,2,2015,3
2015-02-06,3427,NoEvent,NoEvent,7,2,2015,3
2015-02-07,4878,NoEvent,NoEvent,1,2,2015,2
2015-02-08,3982,NoEvent,NoEvent,2,2,2015,2
2015-02-09,3414,NoEvent,NoEvent,3,2,2015,3
2015-02-10,3582,NoEvent,NoEvent,4,2,2015,1
2015-02-11,3413,NoEvent,NoEvent,5,2,2015,2
2015-02-12,3605,NoEvent,NoEvent,6,2,2015,2
2015-02-13,3801,NoEvent,NoEvent,7,2,2015,1
2015-02-14,4119,ValentinesDay,Cultural,1,2,2015,1
2015-02-15,4073,NoEvent,NoEvent,2,2,2015,2
2015-02-16,3530,PresidentsDay,National,3,2,2015,0
2015-02-17,3275,NoEvent,NoEvent,4,2,2015,0
2015-02-18,3130,LentStart,Religious,5,2,2015,0
2015-02-19,3234,NoEvent,NoEvent,6,2,2015,0
2015-02-20,3678,NoEvent,NoEvent,7,2,2015,0
2015-02-21,4304,NoEvent,NoEvent,1,2,2015,0
2015-02-22,4342,NoEvent,NoEvent,2,2,2015,0
2015-02-23,3177,NoEvent,NoEvent,3,2,2015,0
2015-02-24,3121,NoEvent,NoEvent,4,2,2015,0
2015-02-25,3269,LentWeek2,Religious,5,2,2015,0
2015-02-26,3271,NoEvent,NoEvent,6,2,2015,0
2015-02-27,4042,NoEvent,NoEvent,7,2,2015,0
2015-02-28,4914,NoEvent,NoEvent,1,2,2015,0
2015-03-01,4606,NoEvent,NoEvent,2,3,2015,2
2015-03-02,3490,NoEvent,NoEvent,3,3,2015,2
2015-03-03,3267,NoEvent,NoEvent,4,3,2015,3
2015-03-04,3301,NoEvent,NoEvent,5,3,2015,1
2015-03-05,3471,Purim End,Religious,6,3,2015,3
2015-03-06,3439,NoEvent,NoEvent,7,3,2015,3
2015-03-07,4599,NoEvent,NoEvent,1,3,2015,2
2015-03-08,4452,NoEvent,NoEvent,2,3,2015,2
2015-03-09,3288,NoEvent,NoEvent,3,3,2015,3
2015-03-10,3182,NoEvent,NoEvent,4,3,2015,1
2015-03-11,3281,NoEvent,NoEvent,5,3,2015,2
2015-03-12,3426,NoEvent,NoEvent,6,3,2015,2
2015-03-13,3547,NoEvent,NoEvent,7,3,2015,1
2015-03-14,4251,NoEvent,NoEvent,1,3,2015,1
2015-03-15,4523,NoEvent,NoEvent,2,3,2015,2
2015-03-16,3575,NoEvent,NoEvent,3,3,2015,0
2015-03-17,3109,StPatricksDay,Cultural,4,3,2015,0
2015-03-18,3200,NoEvent,NoEvent,5,3,2015,0
2015-03-19,3090,NoEvent,NoEvent,6,3,2015,0
2015-03-20,3644,NoEvent,NoEvent,7,3,2015,0
2015-03-21,4236,NoEvent,NoEvent,1,3,2015,0
2015-03-22,4331,NoEvent,NoEvent,2,3,2015,0
2015-03-23,3249,NoEvent,NoEvent,3,3,2015,0
2015-03-24,3014,NoEvent,NoEvent,4,3,2015,0
2015-03-25,3342,NoEvent,NoEvent,5,3,2015,0
2015-03-26,3178,NoEvent,NoEvent,6,3,2015,0
2015-03-27,3730,NoEvent,NoEvent,7,3,2015,0
2015-03-28,4675,NoEvent,NoEvent,1,3,2015,0
2015-03-29,4214,NoEvent,NoEvent,2,3,2015,0
2015-03-30,3435,NoEvent,NoEvent,3,3,2015,0
2015-03-31,3256,NoEvent,NoEvent,4,3,2015,0
2015-04-01,3847,NoEvent,NoEvent,5,4,2015,2
2015-04-02,3385,NoEvent,NoEvent,6,4,2015,2
2015-04-03,4384,NoEvent,NoEvent,7,4,2015,3
2015-04-04,4800,NoEvent,NoEvent,1,4,2015,1
2015-04-05,3679,Easter,Cultural,2,4,2015,3
2015-04-06,3816,NoEvent,NoEvent,3,4,2015,3
2015-04-07,3764,NoEvent,NoEvent,4,4,2015,2
2015-04-08,3534,NoEvent,NoEvent,5,4,2015,2
2015-04-09,3308,NoEvent,NoEvent,6,4,2015,3
2015-04-10,3947,NoEvent,NoEvent,7,4,2015,1
2015-04-11,4522,Pesach End,Religious,1,4,2015,2
2015-04-12,4156,OrthodoxEaster,Religious,2,4,2015,2
2015-04-13,3191,NoEvent,NoEvent,3,4,2015,1
2015-04-14,3330,NoEvent,NoEvent,4,4,2015,1
2015-04-15,3486,NoEvent,NoEvent,5,4,2015,2
2015-04-16,2991,NoEvent,NoEvent,6,4,2015,0
2015-04-17,2873,NoEvent,NoEvent,7,4,2015,0
2015-04-18,4385,NoEvent,NoEvent,1,4,2015,0
2015-04-19,4364,NoEvent,NoEvent,2,4,2015,0
2015-04-20,3265,NoEvent,NoEvent,3,4,2015,0
2015-04-21,3317,NoEvent,NoEvent,4,4,2015,0
2015-04-22,3495,NoEvent,NoEvent,5,4,2015,0
2015-04-23,3341,NoEvent,NoEvent,6,4,2015,0
2015-04-24,4015,NoEvent,NoEvent,7,4,2015,0
2015-04-25,4519,NoEvent,NoEvent,1,4,2015,0
2015-04-26,4463,NoEvent,NoEvent,2,4,2015,0
2015-04-27,3412,NoEvent,NoEvent,3,4,2015,0
2015-04-28,3098,NoEvent,NoEvent,4,4,2015,0
2015-04-29,3366,NoEvent,NoEvent,5,4,2015,0
2015-04-30,3318,NoEvent,NoEvent,6,4,2015,0
2015-05-01,4314,NoEvent,NoEvent,7,5,2015,2
2015-05-02,4312,NoEvent,NoEvent,1,5,2015,2
2015-05-03,4315,NoEvent,NoEvent,2,5,2015,3
2015-05-04,3927,NoEvent,NoEvent,3,5,2015,1
2015-05-05,3317,Cinco De Mayo,Cultural,4,5,2015,3
2015-05-06,3626,NoEvent,NoEvent,5,5,2015,3
2015-05-07,3450,NoEvent,NoEvent,6,5,2015,2
2015-05-08,4228,NoEvent,NoEvent,7,5,2015,2
2015-05-09,4508,NoEvent,NoEvent,1,5,2015,3
2015-05-10,3762,Mother's day,Cultural,2,5,2015,1
2015-05-11,3707,NoEvent,NoEvent,3,5,2015,2
2015-05-12,3392,NoEvent,NoEvent,4,5,2015,2
2015-05-13,3474,NoEvent,NoEvent,5,5,2015,1
2015-05-14,3170,NoEvent,NoEvent,6,5,2015,1
2015-05-15,3832,NoEvent,NoEvent,7,5,2015,2
2015-05-16,4533,NoEvent,NoEvent,1,5,2015,0
2015-05-17,4453,NoEvent,NoEvent,2,5,2015,0
2015-05-18,3453,NoEvent,NoEvent,3,5,2015,0
2015-05-19,3463,NoEvent,NoEvent,4,5,2015,0
2015-05-20,3538,NoEvent,NoEvent,5,5,2015,0
2015-05-21,3442,NoEvent,NoEvent,6,5,2015,0
2015-05-22,4177,NoEvent,NoEvent,7,5,2015,0
2015-05-23,4843,NoEvent,NoEvent,1,5,2015,0
2015-05-24,3952,NoEvent,NoEvent,2,5,2015,0
2015-05-25,3826,MemorialDay,National,3,5,2015,0
2015-05-26,3740,NoEvent,NoEvent,4,5,2015,0
2015-05-27,3340,NoEvent,NoEvent,5,5,2015,0
2015-05-28,3322,NoEvent,NoEvent,6,5,2015,0
2015-05-29,3815,NoEvent,NoEvent,7,5,2015,0
2015-05-30,4316,NoEvent,NoEvent,1,5,2015,0
2015-05-31,4446,NoEvent,NoEvent,2,5,2015,0
2015-06-01,4185,NoEvent,NoEvent,3,6,2015,2
2015-06-02,3441,NoEvent,NoEvent,4,6,2015,2
2015-06-03,3781,NoEvent,NoEvent,5,6,2015,3
2015-06-04,3527,NBAFinalsStart,Sporting,6,6,2015,1
2015-06-05,3790,NoEvent,NoEvent,7,6,2015,3
2015-06-06,4704,NoEvent,NoEvent,1,6,2015,3
2015-06-07,4255,NoEvent,NoEvent,2,6,2015,2
2015-06-08,3448,NoEvent,NoEvent,3,6,2015,2
2015-06-09,3184,NoEvent,NoEvent,4,6,2015,3
2015-06-10,3309,NoEvent,NoEvent,5,6,2015,1
2015-06-11,3166,NoEvent,NoEvent,6,6,2015,2
2015-06-12,3897,NoEvent,NoEvent,7,6,2015,2
2015-06-13,4224,NoEvent,NoEvent,1,6,2015,1
2015-06-14,4038,NoEvent,NoEvent,2,6,2015,1
2015-06-15,3819,NoEvent,NoEvent,3,6,2015,2
2015-06-16,2971,NBAFinalsEnd,Sporting,4,6,2015,0
2015-06-17,3331,NoEvent,NoEvent,5,6,2015,0
2015-06-18,3457,Ramadan starts,Religious,6,6,2015,0
2015-06-19,3989,NoEvent,NoEvent,7,6,2015,0
2015-06-20,4491,NoEvent,NoEvent,1,6,2015,0
2015-06-21,4002,Father's day,Cultural,2,6,2015,0
2015-06-22,3483,NoEvent,NoEvent,3,6,2015,0
2015-06-23,3183,NoEvent,NoEvent,4,6,2015,0
2015-06-24,3354,NoEvent,NoEvent,5,6,2015,0
2015-06-25,3309,NoEvent,NoEvent,6,6,2015,0
2015-06-26,3730,NoEvent,NoEvent,7,6,2015,0
2015-06-27,4153,NoEvent,NoEvent,1,6,2015,0
2015-06-28,4271,NoEvent,NoEvent,2,6,2015,0
2015-06-29,3798,NoEvent,NoEvent,3,6,2015,0
2015-06-30,3553,NoEvent,NoEvent,4,6,2015,0
2015-07-01,4028,NoEvent,NoEvent,5,7,2015,2
2015-07-02,3988,NoEvent,NoEvent,6,7,2015,2
2015-07-03,5360,NoEvent,NoEvent,7,7,2015,3
2015-07-04,3063,IndependenceDay,National,1,7,2015,1
2015-07-05,3940,NoEvent,NoEvent,2,7,2015,3
2015-07-06,3651,NoEvent,NoEvent,3,7,2015,3
2015-07-07,3581,NoEvent,NoEvent,4,7,2015,2
2015-07-08,3670,NoEvent,NoEvent,5,7,2015,2
2015-07-09,3633,NoEvent,NoEvent,6,7,2015,3
2015-07-10,3903,NoEvent,NoEvent,7,7,2015,1
2015-07-11,4501,NoEvent,NoEvent,1,7,2015,2
2015-07-12,4333,NoEvent,NoEvent,2,7,2015,2
2015-07-13,3390,NoEvent,NoEvent,3,7,2015,1
2015-07-14,3257,NoEvent,NoEvent,4,7,2015,1
2015-07-15,3531,NoEvent,NoEvent,5,7,2015,2
2015-07-16,3734,NoEvent,NoEvent,6,7,2015,0
2015-07-17,4118,NoEvent,NoEvent,7,7,2015,0
2015-07-18,4459,Eid al-Fitr,Religious,1,7,2015,0
2015-07-19,4672,NoEvent,NoEvent,2,7,2015,0
2015-07-20,3568,NoEvent,NoEvent,3,7,2015,0
2015-07-21,3478,NoEvent,NoEvent,4,7,2015,0
2015-07-22,3447,NoEvent,NoEvent,5,7,2015,0
2015-07-23,3554,NoEvent,NoEvent,6,7,2015,0
2015-07-24,3976,NoEvent,NoEvent,7,7,2015,0
2015-07-25,4009,NoEvent,NoEvent,1,7,2015,0
2015-07-26,4058,NoEvent,NoEvent,2,7,2015,0
2015-07-27,3555,NoEvent,NoEvent,3,7,2015,0
2015-07-28,3309,NoEvent,NoEvent,4,7,2015,0
2015-07-29,3006,NoEvent,NoEvent,5,7,2015,0
2015-07-30,3672,NoEvent,NoEvent,6,7,2015,0
2015-07-31,4499,NoEvent,NoEvent,7,7,2015,0
2015-08-01,4947,NoEvent,NoEvent,1,8,2015,2
2015-08-02,4401,NoEvent,NoEvent,2,8,2015,2
2015-08-03,4065,NoEvent,NoEvent,3,8,2015,3
2015-08-04,3559,NoEvent,NoEvent,4,8,2015,1
2015-08-05,3711,NoEvent,NoEvent,5,8,2015,3
2015-08-06,3414,NoEvent,NoEvent,6,8,2015,3
2015-08-07,3615,NoEvent,NoEvent,7,8,2015,2
2015-08-08,4688,NoEvent,NoEvent,1,8,2015,2
2015-08-09,4593,NoEvent,NoEvent,2,8,2015,3
2015-08-10,3565,NoEvent,NoEvent,3,8,2015,1
2015-08-11,3310,NoEvent,NoEvent,4,8,2015,2
2015-08-12,3555,NoEvent,NoEvent,5,8,2015,2
2015-08-13,3608,NoEvent,NoEvent,6,8,2015,1
2015-08-14,3875,NoEvent,NoEvent,7,8,2015,1
2015-08-15,4557,NoEvent,NoEvent,1,8,2015,2
2015-08-16,4407,NoEvent,NoEvent,2,8,2015,0
2015-08-17,3632,NoEvent,NoEvent,3,8,2015,0
2015-08-18,3485,NoEvent,NoEvent,4,8,2015,0
2015-08-19,3569,NoEvent,NoEvent,5,8,2015,0
2015-08-20,3280,NoEvent,NoEvent,6,8,2015,0
2015-08-21,3756,NoEvent,NoEvent,7,8,2015,0
2015-08-22,4736,NoEvent,NoEvent,1,8,2015,0
2015-08-23,4389,NoEvent,NoEvent,2,8,2015,0
2015-08-24,3481,NoEvent,NoEvent,3,8,2015,0
2015-08-25,3357,NoEvent,NoEvent,4,8,2015,0
2015-08-26,3744,NoEvent,NoEvent,5,8,2015,0
2015-08-27,3494,NoEvent,NoEvent,6,8,2015,0
2015-08-28,3765,NoEvent,NoEvent,7,8,2015,0
2015-08-29,4620,NoEvent,NoEvent,1,8,2015,0
2015-08-30,4420,NoEvent,NoEvent,2,8,2015,0
2015-08-31,3705,NoEvent,NoEvent,3,8,2015,0
2015-09-01,3876,NoEvent,NoEvent,4,9,2015,2
2015-09-02,3699,NoEvent,NoEvent,5,9,2015,2
2015-09-03,3595,NoEvent,NoEvent,6,9,2015,3
2015-09-04,4303,NoEvent,NoEvent,7,9,2015,1
2015-09-05,4304,NoEvent,NoEvent,1,9,2015,3
2015-09-06,4051,NoEvent,NoEvent,2,9,2015,3
2015-09-07,3900,LaborDay,National,3,9,2015,2
2015-09-08,3169,NoEvent,NoEvent,4,9,2015,2
2015-09-09,3465,NoEvent,NoEvent,5,9,2015,3
2015-09-10,3411,NoEvent,NoEvent,6,9,2015,1
2015-09-11,3902,NoEvent,NoEvent,7,9,2015,2
2015-09-12,4516,NoEvent,NoEvent,1,9,2015,2
2015-09-13,4510,NoEvent,NoEvent,2,9,2015,1
2015-09-14,3413,NoEvent,NoEvent,3,9,2015,1
2015-09-15,3406,NoEvent,NoEvent,4,9,2015,2
2015-09-16,3425,NoEvent,NoEvent,5,9,2015,0
2015-09-17,3685,NoEvent,NoEvent,6,9,2015,0
2015-09-18,4099,NoEvent,NoEvent,7,9,2015,0
2015-09-19,4723,NoEvent,NoEvent,1,9,2015,0
2015-09-20,4487,NoEvent,NoEvent,2,9,2015,0
2015-09-21,3350,NoEvent,NoEvent,3,9,2015,0
2015-09-22,3548,NoEvent,NoEvent,4,9,2015,0
2015-09-23,3430,NoEvent,NoEvent,5,9,2015,0
2015-09-24,3390,EidAlAdha,Religious,6,9,2015,0
2015-09-25,3847,NoEvent,NoEvent,7,9,2015,0
2015-09-26,4427,NoEvent,NoEvent,1,9,2015,0
2015-09-27,4435,NoEvent,NoEvent,2,9,2015,0
2015-09-28,3357,NoEvent,NoEvent,3,9,2015,0
2015-09-29,3284,NoEvent,NoEvent,4,9,2015,0
2015-09-30,3527,NoEvent,NoEvent,5,9,2015,0
2015-10-01,4224,NoEvent,NoEvent,6,10,2015,2
2015-10-02,4474,NoEvent,NoEvent,7,10,2015,2
2015-10-03,4930,NoEvent,NoEvent,1,10,2015,3
2015-10-04,4879,NoEvent,NoEvent,2,10,2015,1
2015-10-05,3488,NoEvent,NoEvent,3,10,2015,3
2015-10-06,3397,NoEvent,NoEvent,4,10,2015,3
2015-10-07,3693,NoEvent,NoEvent,5,10,2015,2
2015-10-08,3349,NoEvent,NoEvent,6,10,2015,2
2015-10-09,4278,NoEvent,NoEvent,7,10,2015,3
2015-10-10,4715,NoEvent,NoEvent,1,10,2015,1
2015-10-11,4248,NoEvent,NoEvent,2,10,2015,2
2015-10-12,3754,ColumbusDay,National,3,10,2015,2
2015-10-13,3390,NoEvent,NoEvent,4,10,2015,1
2015-10-14,3514,NoEvent,NoEvent,5,10,2015,1
2015-10-15,3629,NoEvent,NoEvent,6,10,2015,2
2015-10-16,4183,NoEvent,NoEvent,7,10,2015,0
2015-10-17,5213,NoEvent,NoEvent,1,10,2015,0
2015-10-18,4768,NoEvent,NoEvent,2,10,2015,0
2015-10-19,3690,NoEvent,NoEvent,3,10,2015,0
2015-10-20,3518,NoEvent,NoEvent,4,10,2015,0
2015-10-21,3854,NoEvent,NoEvent,5,10,2015,0
2015-10-22,3712,NoEvent,NoEvent,6,10,2015,0
2015-10-23,4313,NoEvent,NoEvent,7,10,2015,0
2015-10-24,4977,NoEvent,NoEvent,1,10,2015,0
2015-10-25,4958,NoEvent,NoEvent,2,10,2015,0
2015-10-26,3837,NoEvent,NoEvent,3,10,2015,0
2015-10-27,4036,NoEvent,NoEvent,4,10,2015,0
2015-10-28,3551,NoEvent,NoEvent,5,10,2015,0
2015-10-29,4070,NoEvent,NoEvent,6,10,2015,0
2015-10-30,4700,NoEvent,NoEvent,7,10,2015,0
2015-10-31,4888,Halloween,Cultural,1,10,2015,0
2015-11-01,4745,NoEvent,NoEvent,2,11,2015,2
2015-11-02,3797,NoEvent,NoEvent,3,11,2015,2
2015-11-03,4017,NoEvent,NoEvent,4,11,2015,3
2015-11-04,3646,NoEvent,NoEvent,5,11,2015,1
2015-11-05,4013,NoEvent,NoEvent,6,11,2015,3
2015-11-06,4325,NoEvent,NoEvent,7,11,2015,3
2015-11-07,4681,NoEvent,NoEvent,1,11,2015,2
2015-11-08,4932,NoEvent,NoEvent,2,11,2015,2
2015-11-09,3402,NoEvent,NoEvent,3,11,2015,3
2015-11-10,3666,NoEvent,NoEvent,4,11,2015,1
2015-11-11,3705,VeteransDay,National,5,11,2015,2
2015-11-12,3551,NoEvent,NoEvent,6,11,2015,2
2015-11-13,4198,NoEvent,NoEvent,7,11,2015,1
2015-11-14,4746,NoEvent,NoEvent,1,11,2015,1
2015-11-15,4605,NoEvent,NoEvent,2,11,2015,2
2015-11-16,3907,NoEvent,NoEvent,3,11,2015,0
2015-11-17,3563,NoEvent,NoEvent,4,11,2015,0
2015-11-18,3765,NoEvent,NoEvent,5,11,2015,0
2015-11-19,3942,NoEvent,NoEvent,6,11,2015,0
2015-11-20,4424,NoEvent,NoEvent,7,11,2015,0
2015-11-21,4498,NoEvent,NoEvent,1,11,2015,0
2015-11-22,4817,NoEvent,NoEvent,2,11,2015,0
2015-11-23,3819,NoEvent,NoEvent,3,11,2015,0
2015-11-24,3901,NoEvent,NoEvent,4,11,2015,0
2015-11-25,4187,NoEvent,NoEvent,5,11,2015,0
2015-11-26,1631,Thanksgiving,National,6,11,2015,0
2015-11-27,3248,NoEvent,NoEvent,7,11,2015,0
2015-11-28,4060,NoEvent,NoEvent,1,11,2015,0
2015-11-29,4057,NoEvent,NoEvent,2,11,2015,0
2015-11-30,3796,NoEvent,NoEvent,3,11,2015,0
2015-12-01,4193,NoEvent,NoEvent,4,12,2015,2
2015-12-02,3620,NoEvent,NoEvent,5,12,2015,2
2015-12-03,4478,NoEvent,NoEvent,6,12,2015,3
2015-12-04,4397,NoEvent,NoEvent,7,12,2015,1
2015-12-05,5287,NoEvent,NoEvent,1,12,2015,3
2015-12-06,4919,NoEvent,NoEvent,2,12,2015,3
2015-12-07,3637,NoEvent,NoEvent,3,12,2015,2
2015-12-08,3590,NoEvent,NoEvent,4,12,2015,2
2015-12-09,3627,NoEvent,NoEvent,5,12,2015,3
2015-12-10,3738,NoEvent,NoEvent,6,12,2015,1
2015-12-11,4209,NoEvent,NoEvent,7,12,2015,2
2015-12-12,4973,NoEvent,NoEvent,1,12,2015,2
2015-12-13,4738,NoEvent,NoEvent,2,12,2015,1
2015-12-14,3876,Chanukah End,Religious,3,12,2015,1
2015-12-15,3761,NoEvent,NoEvent,4,12,2015,2
2015-12-16,3861,NoEvent,NoEvent,5,12,2015,0
2015-12-17,3955,NoEvent,NoEvent,6,12,2015,0
2015-12-18,4142,NoEvent,NoEvent,7,12,2015,0
2015-12-19,5001,NoEvent,NoEvent,1,12,2015,0
2015-12-20,4878,NoEvent,NoEvent,2,12,2015,0
2015-12-21,4015,NoEvent,NoEvent,3,12,2015,0
2015-12-22,3966,NoEvent,NoEvent,4,12,2015,0
2015-12-23,4271,NoEvent,NoEvent,5,12,2015,0
2015-12-24,3408,NoEvent,NoEvent,6,12,2015,0
2015-12-25,0,Christmas,National,7,12,2015,0
2015-12-26,4977,NoEvent,NoEvent,1,12,2015,0
2015-12-27,4092,NoEvent,NoEvent,2,12,2015,0
2015-12-28,3428,NoEvent,NoEvent,3,12,2015,0
2015-12-29,3607,NoEvent,NoEvent,4,12,2015,0
2015-12-30,3686,NoEvent,NoEvent,5,12,2015,0
2015-12-31,4199,NoEvent,NoEvent,6,12,2015,0
2016-01-01,3182,NewYear,National,7,1,2016,2
2016-01-02,4951,NoEvent,NoEvent,1,1,2016,2
2016-01-03,3860,NoEvent,NoEvent,2,1,2016,3
2016-01-04,3742,NoEvent,NoEvent,3,1,2016,1
2016-01-05,3327,NoEvent,NoEvent,4,1,2016,3
2016-01-06,3240,NoEvent,NoEvent,5,1,2016,3
2016-01-07,3327,OrthodoxChristmas,Religious,6,1,2016,2
2016-01-08,3772,NoEvent,NoEvent,7,1,2016,2
2016-01-09,4836,NoEvent,NoEvent,1,1,2016,3
2016-01-10,4378,NoEvent,NoEvent,2,1,2016,1
2016-01-11,3209,NoEvent,NoEvent,3,1,2016,2
2016-01-12,3040,NoEvent,NoEvent,4,1,2016,2
2016-01-13,3017,NoEvent,NoEvent,5,1,2016,1
2016-01-14,3421,NoEvent,NoEvent,6,1,2016,1
2016-01-15,3730,NoEvent,NoEvent,7,1,2016,2
2016-01-16,4724,NoEvent,NoEvent,1,1,2016,0
2016-01-17,4133,NoEvent,NoEvent,2,1,2016,0
2016-01-18,3329,MartinLutherKingDay,National,3,1,2016,0
2016-01-19,3048,NoEvent,NoEvent,4,1,2016,0
2016-01-20,3399,NoEvent,NoEvent,5,1,2016,0
2016-01-21,3374,NoEvent,NoEvent,6,1,2016,0
2016-01-22,3763,NoEvent,NoEvent,7,1,2016,0
2016-01-23,4812,NoEvent,NoEvent,1,1,2016,0
2016-01-24,4107,NoEvent,NoEvent,2,1,2016,0
2016-01-25,3505,NoEvent,NoEvent,3,1,2016,0
2016-01-26,3040,NoEvent,NoEvent,4,1,2016,0
2016-01-27,3596,NoEvent,NoEvent,5,1,2016,0
2016-01-28,3420,NoEvent,NoEvent,6,1,2016,0
2016-01-29,3978,NoEvent,NoEvent,7,1,2016,0
2016-01-30,5139,NoEvent,NoEvent,1,1,2016,0
2016-01-31,5154,NoEvent,NoEvent,2,1,2016,0
2016-02-01,4104,NoEvent,NoEvent,3,2,2016,2
2016-02-02,3304,NoEvent,NoEvent,4,2,2016,2
2016-02-03,3733,NoEvent,NoEvent,5,2,2016,3
2016-02-04,3597,NoEvent,NoEvent,6,2,2016,1
2016-02-05,4039,NoEvent,NoEvent,7,2,2016,3
2016-02-06,5097,NoEvent,NoEvent,1,2,2016,3
2016-02-07,4086,SuperBowl,Sporting,2,2,2016,2
2016-02-08,3171,NoEvent,NoEvent,3,2,2016,2
2016-02-09,3593,NoEvent,NoEvent,4,2,2016,3
2016-02-10,3625,LentStart,Religious,5,2,2016,1
2016-02-11,3896,NoEvent,NoEvent,6,2,2016,2
2016-02-12,3835,NoEvent,NoEvent,7,2,2016,2
2016-02-13,4965,NoEvent,NoEvent,1,2,2016,1
2016-02-14,4103,ValentinesDay,Cultural,2,2,2016,1
2016-02-15,3593,PresidentsDay,National,3,2,2016,2
2016-02-16,3546,NoEvent,NoEvent,4,2,2016,0
2016-02-17,3394,LentWeek2,Religious,5,2,2016,0
2016-02-18,3603,NoEvent,NoEvent,6,2,2016,0
2016-02-19,3938,NoEvent,NoEvent,7,2,2016,0
2016-02-20,4904,NoEvent,NoEvent,1,2,2016,0
2016-02-21,4528,NoEvent,NoEvent,2,2,2016,0
2016-02-22,3693,NoEvent,NoEvent,3,2,2016,0
2016-02-23,3295,NoEvent,NoEvent,4,2,2016,0
2016-02-24,3304,NoEvent,NoEvent,5,2,2016,0
2016-02-25,3314,NoEvent,NoEvent,6,2,2016,0
2016-02-26,3957,NoEvent,NoEvent,7,2,2016,0
2016-02-27,4389,NoEvent,NoEvent,1,2,2016,0
2016-02-28,4884,NoEvent,NoEvent,2,2,2016,0
2016-02-29,3449,NoEvent,NoEvent,3,2,2016,0
2016-03-01,3513,NoEvent,NoEvent,4,3,2016,2
2016-03-02,3813,NoEvent,NoEvent,5,3,2016,2
2016-03-03,3860,NoEvent,NoEvent,6,3,2016,3
2016-03-04,3703,NoEvent,NoEvent,7,3,2016,1
2016-03-05,4636,NoEvent,NoEvent,1,3,2016,3
2016-03-06,4879,NoEvent,NoEvent,2,3,2016,3
2016-03-07,3356,NoEvent,NoEvent,3,3,2016,2
2016-03-08,3240,NoEvent,NoEvent,4,3,2016,2
2016-03-09,3203,NoEvent,NoEvent,5,3,2016,3
2016-03-10,3787,NoEvent,NoEvent,6,3,2016,1
2016-03-11,3333,NoEvent,NoEvent,7,3,2016,2
2016-03-12,4810,NoEvent,NoEvent,1,3,2016,2
2016-03-13,4229,NoEvent,NoEvent,2,3,2016,1
2016-03-14,3593,NoEvent,NoEvent,3,3,2016,1
2016-03-15,3552,NoEvent,NoEvent,4,3,2016,2
2016-03-16,3621,NoEvent,NoEvent,5,3,2016,0
2016-03-17,3218,StPatricksDay,Cultural,6,3,2016,0
2016-03-18,3794,NoEvent,NoEvent,7,3,2016,0
2016-03-19,4735,NoEvent,NoEvent,1,3,2016,0
2016-03-20,4006,NoEvent,NoEvent,2,3,2016,0
2016-03-21,3342,NoEvent,NoEvent,3,3,2016,0
2016-03-22,3140,NoEvent,NoEvent,4,3,2016,0
2016-03-23,3422,NoEvent,NoEvent,5,3,2016,0
2016-03-24,3352,Purim End,Religious,6,3,2016,0
2016-03-25,4230,NoEvent,NoEvent,7,3,2016,0
2016-03-26,4476,NoEvent,NoEvent,1,3,2016,0
2016-03-27,3643,Easter,Cultural,2,3,2016,0
2016-03-28,3555,NoEvent,NoEvent,3,3,2016,0
2016-03-29,3446,NoEvent,NoEvent,4,3,2016,0
2016-03-30,3333,NoEvent,NoEvent,5,3,2016,0
2016-03-31,3421,NoEvent,NoEvent,6,3,2016,0
2016-04-01,4790,NoEvent,NoEvent,7,4,2016,2
2016-04-02,4863,NoEvent,NoEvent,1,4,2016,2
2016-04-03,4903,NoEvent,NoEvent,2,4,2016,3
2016-04-04,3661,NoEvent,NoEvent,3,4,2016,1
2016-04-05,3477,NoEvent,NoEvent,4,4,2016,3
2016-04-06,3379,NoEvent,NoEvent,5,4,2016,3
2016-04-07,3443,NoEvent,NoEvent,6,4,2016,2
2016-04-08,4066,NoEvent,NoEvent,7,4,2016,2
2016-04-09,4739,NoEvent,NoEvent,1,4,2016,3
2016-04-10,4525,NoEvent,NoEvent,2,4,2016,1
2016-04-11,3716,NoEvent,NoEvent,3,4,2016,2
2016-04-12,3384,NoEvent,NoEvent,4,4,2016,2
2016-04-13,3557,NoEvent,NoEvent,5,4,2016,1
2016-04-14,3786,NoEvent,NoEvent,6,4,2016,1
2016-04-15,3786,NoEvent,NoEvent,7,4,2016,2
2016-04-16,4634,NoEvent,NoEvent,1,4,2016,0
2016-04-17,4820,NoEvent,NoEvent,2,4,2016,0
2016-04-18,3323,NoEvent,NoEvent,3,4,2016,0
2016-04-19,3787,NoEvent,NoEvent,4,4,2016,0
2016-04-20,3472,NoEvent,NoEvent,5,4,2016,0
2016-04-21,3353,NoEvent,NoEvent,6,4,2016,0
2016-04-22,4085,NoEvent,NoEvent,7,4,2016,0
2016-04-23,4787,NoEvent,NoEvent,1,4,2016,0
2016-04-24,4683,NoEvent,NoEvent,2,4,2016,0
2016-04-25,3782,NoEvent,NoEvent,3,4,2016,0
2016-04-26,3645,NoEvent,NoEvent,4,4,2016,0
2016-04-27,3730,NoEvent,NoEvent,5,4,2016,0
2016-04-28,3742,NoEvent,NoEvent,6,4,2016,0
2016-04-29,4085,NoEvent,NoEvent,7,4,2016,0
2016-04-30,5214,Pesach End,Religious,1,4,2016,0
2016-05-01,4858,OrthodoxEaster,Religious,2,5,2016,2
2016-05-02,4059,NoEvent,NoEvent,3,5,2016,2
2016-05-03,4373,NoEvent,NoEvent,4,5,2016,3
2016-05-04,3708,NoEvent,NoEvent,5,5,2016,1
2016-05-05,3802,Cinco De Mayo,Cultural,6,5,2016,3
2016-05-06,3879,NoEvent,NoEvent,7,5,2016,3
2016-05-07,5003,NoEvent,NoEvent,1,5,2016,2
2016-05-08,4062,Mother's day,Cultural,2,5,2016,2
2016-05-09,3895,NoEvent,NoEvent,3,5,2016,3
2016-05-10,3588,NoEvent,NoEvent,4,5,2016,1
2016-05-11,3817,NoEvent,NoEvent,5,5,2016,2
2016-05-12,3706,NoEvent,NoEvent,6,5,2016,2
2016-05-13,3871,NoEvent,NoEvent,7,5,2016,1
2016-05-14,4893,NoEvent,NoEvent,1,5,2016,1
2016-05-15,5016,NoEvent,NoEvent,2,5,2016,2
2016-05-16,3528,NoEvent,NoEvent,3,5,2016,0
2016-05-17,3629,NoEvent,NoEvent,4,5,2016,0
2016-05-18,3740,NoEvent,NoEvent,5,5,2016,0
2016-05-19,3475,NoEvent,NoEvent,6,5,2016,0
2016-05-20,4143,NoEvent,NoEvent,7,5,2016,0
2016-05-21,5333,NoEvent,NoEvent,1,5,2016,0
2016-05-22,5280,NoEvent,NoEvent,2,5,2016,0
